-- MySQL dump 10.13  Distrib 5.7.17, for Win64 (x86_64)
--
-- Host: 191.252.193.144    Database: tushtec_syndic
-- ------------------------------------------------------
-- Server version	5.7.26-0ubuntu0.16.04.1

/*!40101 SET @OLD_CHARACTER_SET_CLIENT=@@CHARACTER_SET_CLIENT */;
/*!40101 SET @OLD_CHARACTER_SET_RESULTS=@@CHARACTER_SET_RESULTS */;
/*!40101 SET @OLD_COLLATION_CONNECTION=@@COLLATION_CONNECTION */;
/*!40101 SET NAMES utf8 */;
/*!40103 SET @OLD_TIME_ZONE=@@TIME_ZONE */;
/*!40103 SET TIME_ZONE='+00:00' */;
/*!40014 SET @OLD_UNIQUE_CHECKS=@@UNIQUE_CHECKS, UNIQUE_CHECKS=0 */;
/*!40014 SET @OLD_FOREIGN_KEY_CHECKS=@@FOREIGN_KEY_CHECKS, FOREIGN_KEY_CHECKS=0 */;
/*!40101 SET @OLD_SQL_MODE=@@SQL_MODE, SQL_MODE='NO_AUTO_VALUE_ON_ZERO' */;
/*!40111 SET @OLD_SQL_NOTES=@@SQL_NOTES, SQL_NOTES=0 */;

--
-- Table structure for table `ANEXOCONDOMINIO`
--

DROP TABLE IF EXISTS `ANEXOCONDOMINIO`;
/*!40101 SET @saved_cs_client     = @@character_set_client */;
/*!40101 SET character_set_client = utf8 */;
CREATE TABLE `ANEXOCONDOMINIO` (
  `ACO_CODIGO` int(11) NOT NULL AUTO_INCREMENT,
  `CON_CODIGO` int(11) NOT NULL,
  `ACO_NOME` varchar(255) NOT NULL,
  `ACO_CONTENTTYPE` varchar(255) NOT NULL,
  `ACO_ATIVO` int(11) NOT NULL DEFAULT '1',
  PRIMARY KEY (`ACO_CODIGO`),
  KEY `FK_RELATIONSHIP_182` (`CON_CODIGO`),
  CONSTRAINT `FK_RELATIONSHIP_182` FOREIGN KEY (`CON_CODIGO`) REFERENCES `CONDOMINIO` (`CON_CODIGO`)
) ENGINE=InnoDB DEFAULT CHARSET=latin1;
/*!40101 SET character_set_client = @saved_cs_client */;

--
-- Dumping data for table `ANEXOCONDOMINIO`
--

LOCK TABLES `ANEXOCONDOMINIO` WRITE;
/*!40000 ALTER TABLE `ANEXOCONDOMINIO` DISABLE KEYS */;
/*!40000 ALTER TABLE `ANEXOCONDOMINIO` ENABLE KEYS */;
UNLOCK TABLES;

--
-- Table structure for table `ANEXOORDEMSERVICO`
--

DROP TABLE IF EXISTS `ANEXOORDEMSERVICO`;
/*!40101 SET @saved_cs_client     = @@character_set_client */;
/*!40101 SET character_set_client = utf8 */;
CREATE TABLE `ANEXOORDEMSERVICO` (
  `AOS_CODIGO` int(11) NOT NULL AUTO_INCREMENT,
  `ORD_CODIGO` int(11) NOT NULL,
  `AOS_NOME` varchar(255) NOT NULL,
  `AOS_CONTENTTYPE` varchar(255) NOT NULL,
  `AOS_ATIVO` int(11) NOT NULL DEFAULT '1',
  PRIMARY KEY (`AOS_CODIGO`),
  KEY `FK_RELATIONSHIP_200` (`ORD_CODIGO`),
  CONSTRAINT `FK_RELATIONSHIP_200` FOREIGN KEY (`ORD_CODIGO`) REFERENCES `ORDEMSERVICO` (`ORD_CODIGO`)
) ENGINE=InnoDB DEFAULT CHARSET=latin1;
/*!40101 SET character_set_client = @saved_cs_client */;

--
-- Dumping data for table `ANEXOORDEMSERVICO`
--

LOCK TABLES `ANEXOORDEMSERVICO` WRITE;
/*!40000 ALTER TABLE `ANEXOORDEMSERVICO` DISABLE KEYS */;
/*!40000 ALTER TABLE `ANEXOORDEMSERVICO` ENABLE KEYS */;
UNLOCK TABLES;

--
-- Table structure for table `ANIMAL`
--

DROP TABLE IF EXISTS `ANIMAL`;
/*!40101 SET @saved_cs_client     = @@character_set_client */;
/*!40101 SET character_set_client = utf8 */;
CREATE TABLE `ANIMAL` (
  `ANI_CODIGO` int(11) NOT NULL AUTO_INCREMENT,
  `UNI_CODIGO` int(11) DEFAULT NULL,
  `ANI_NOME` varchar(255) DEFAULT NULL,
  `ANI_DESCRICAO` varchar(255) DEFAULT NULL,
  `COA_CODIGO` int(11) DEFAULT NULL,
  `RAC_CODIGO` int(11) DEFAULT NULL,
  PRIMARY KEY (`ANI_CODIGO`),
  KEY `FK_RELATIONSHIP_133` (`COA_CODIGO`),
  KEY `FK_RELATIONSHIP_134` (`RAC_CODIGO`),
  KEY `FK_RELATIONSHIP_21` (`UNI_CODIGO`),
  CONSTRAINT `FK_RELATIONSHIP_133` FOREIGN KEY (`COA_CODIGO`) REFERENCES `CORANIMAL` (`COA_CODIGO`),
  CONSTRAINT `FK_RELATIONSHIP_134` FOREIGN KEY (`RAC_CODIGO`) REFERENCES `RACA` (`RAC_CODIGO`),
  CONSTRAINT `FK_RELATIONSHIP_21` FOREIGN KEY (`UNI_CODIGO`) REFERENCES `UNIDADE` (`UNI_CODIGO`)
) ENGINE=InnoDB DEFAULT CHARSET=latin1;
/*!40101 SET character_set_client = @saved_cs_client */;

--
-- Dumping data for table `ANIMAL`
--

LOCK TABLES `ANIMAL` WRITE;
/*!40000 ALTER TABLE `ANIMAL` DISABLE KEYS */;
/*!40000 ALTER TABLE `ANIMAL` ENABLE KEYS */;
UNLOCK TABLES;

--
-- Table structure for table `ANUNCIO`
--

DROP TABLE IF EXISTS `ANUNCIO`;
/*!40101 SET @saved_cs_client     = @@character_set_client */;
/*!40101 SET character_set_client = utf8 */;
CREATE TABLE `ANUNCIO` (
  `ANU_CODIGO` int(11) NOT NULL AUTO_INCREMENT,
  `TPU_CODIGO` int(11) NOT NULL,
  `TIN_CODIGO` int(11) NOT NULL,
  `PEF_CODIGO` int(11) NOT NULL,
  `ANU_DESCRICAO` varchar(255) NOT NULL,
  `ANU_QTDQUARTOS` int(11) NOT NULL,
  `ANU_TEXTO` text,
  `CON_CODIGO` int(11) NOT NULL,
  PRIMARY KEY (`ANU_CODIGO`),
  KEY `FK_RELATIONSHIP_44` (`TPU_CODIGO`),
  KEY `FK_RELATIONSHIP_45` (`TIN_CODIGO`),
  KEY `FK_RELATIONSHIP_47` (`PEF_CODIGO`),
  KEY `FK_RELATIONSHIP_90` (`CON_CODIGO`),
  CONSTRAINT `FK_RELATIONSHIP_44` FOREIGN KEY (`TPU_CODIGO`) REFERENCES `TIPOUNIDADE` (`TPU_CODIGO`),
  CONSTRAINT `FK_RELATIONSHIP_45` FOREIGN KEY (`TIN_CODIGO`) REFERENCES `TIPOANUNCIO` (`TIN_CODIGO`),
  CONSTRAINT `FK_RELATIONSHIP_47` FOREIGN KEY (`PEF_CODIGO`) REFERENCES `PESSOAFISICA` (`PEF_CODIGO`),
  CONSTRAINT `FK_RELATIONSHIP_90` FOREIGN KEY (`CON_CODIGO`) REFERENCES `CONDOMINIO` (`CON_CODIGO`)
) ENGINE=InnoDB DEFAULT CHARSET=latin1;
/*!40101 SET character_set_client = @saved_cs_client */;

--
-- Dumping data for table `ANUNCIO`
--

LOCK TABLES `ANUNCIO` WRITE;
/*!40000 ALTER TABLE `ANUNCIO` DISABLE KEYS */;
/*!40000 ALTER TABLE `ANUNCIO` ENABLE KEYS */;
UNLOCK TABLES;

--
-- Table structure for table `AREAATUACAO`
--

DROP TABLE IF EXISTS `AREAATUACAO`;
/*!40101 SET @saved_cs_client     = @@character_set_client */;
/*!40101 SET character_set_client = utf8 */;
CREATE TABLE `AREAATUACAO` (
  `AAT_CODIGO` int(11) NOT NULL AUTO_INCREMENT,
  `AAT_NOME` varchar(255) NOT NULL,
  `AAT_DESCRICAO` text,
  `AAT_ATIVO` int(11) NOT NULL DEFAULT '1',
  PRIMARY KEY (`AAT_CODIGO`)
) ENGINE=InnoDB AUTO_INCREMENT=4 DEFAULT CHARSET=latin1;
/*!40101 SET character_set_client = @saved_cs_client */;

--
-- Dumping data for table `AREAATUACAO`
--

LOCK TABLES `AREAATUACAO` WRITE;
/*!40000 ALTER TABLE `AREAATUACAO` DISABLE KEYS */;
INSERT INTO `AREAATUACAO` VALUES (1,'TECNOLOGIA DA INFORMAÇÃO',NULL,1),(2,'CONTRUÇÃO CIVIL',NULL,1),(3,'MANUTENÇÃO PREDIAL',NULL,1);
/*!40000 ALTER TABLE `AREAATUACAO` ENABLE KEYS */;
UNLOCK TABLES;

--
-- Table structure for table `AREACOMUM`
--

DROP TABLE IF EXISTS `AREACOMUM`;
/*!40101 SET @saved_cs_client     = @@character_set_client */;
/*!40101 SET character_set_client = utf8 */;
CREATE TABLE `AREACOMUM` (
  `ARC_CODIGO` int(11) NOT NULL AUTO_INCREMENT,
  `ARC_NOME` varchar(255) NOT NULL,
  `ARC_VALOR` float DEFAULT NULL,
  `ARC_QTDMAXCONVIDADOS` int(11) DEFAULT NULL,
  `ARC_STATUS` varchar(50) NOT NULL,
  `ARC_QTDMAXRESERVAS` int(11) DEFAULT NULL,
  PRIMARY KEY (`ARC_CODIGO`)
) ENGINE=InnoDB DEFAULT CHARSET=latin1;
/*!40101 SET character_set_client = @saved_cs_client */;

--
-- Dumping data for table `AREACOMUM`
--

LOCK TABLES `AREACOMUM` WRITE;
/*!40000 ALTER TABLE `AREACOMUM` DISABLE KEYS */;
/*!40000 ALTER TABLE `AREACOMUM` ENABLE KEYS */;
UNLOCK TABLES;

--
-- Table structure for table `AREACOMUMFUNCIONAMENTO`
--

DROP TABLE IF EXISTS `AREACOMUMFUNCIONAMENTO`;
/*!40101 SET @saved_cs_client     = @@character_set_client */;
/*!40101 SET character_set_client = utf8 */;
CREATE TABLE `AREACOMUMFUNCIONAMENTO` (
  `ACF_CODIGO` int(11) NOT NULL AUTO_INCREMENT,
  `ARC_CODIGO` int(11) DEFAULT NULL,
  `ACF_DTINICIO` datetime NOT NULL,
  `ACF_DTFIM` datetime NOT NULL,
  `ACF_DIASEMANA` varchar(30) NOT NULL,
  PRIMARY KEY (`ACF_CODIGO`),
  KEY `FK_RELATIONSHIP_41` (`ARC_CODIGO`),
  CONSTRAINT `FK_RELATIONSHIP_41` FOREIGN KEY (`ARC_CODIGO`) REFERENCES `AREACOMUM` (`ARC_CODIGO`)
) ENGINE=InnoDB DEFAULT CHARSET=latin1;
/*!40101 SET character_set_client = @saved_cs_client */;

--
-- Dumping data for table `AREACOMUMFUNCIONAMENTO`
--

LOCK TABLES `AREACOMUMFUNCIONAMENTO` WRITE;
/*!40000 ALTER TABLE `AREACOMUMFUNCIONAMENTO` DISABLE KEYS */;
/*!40000 ALTER TABLE `AREACOMUMFUNCIONAMENTO` ENABLE KEYS */;
UNLOCK TABLES;

--
-- Table structure for table `ATENDIMENTO`
--

DROP TABLE IF EXISTS `ATENDIMENTO`;
/*!40101 SET @saved_cs_client     = @@character_set_client */;
/*!40101 SET character_set_client = utf8 */;
CREATE TABLE `ATENDIMENTO` (
  `ATE_CODIGO` int(11) NOT NULL AUTO_INCREMENT,
  `TAT_CODIGO` int(11) NOT NULL,
  `PEF_CODIGO` int(11) DEFAULT NULL,
  `CON_CODIGO` int(11) NOT NULL,
  `ATE_DESCRICAO` text,
  `ATE_DTCADASTRO` datetime NOT NULL DEFAULT CURRENT_TIMESTAMP,
  `UNI_CODIGO` int(11) NOT NULL,
  `ATE_NRPROTOCOLO` int(11) NOT NULL,
  PRIMARY KEY (`ATE_CODIGO`),
  KEY `FK_RELATIONSHIP_81` (`TAT_CODIGO`),
  KEY `FK_RELATIONSHIP_83` (`PEF_CODIGO`),
  KEY `FK_RELATIONSHIP_135` (`UNI_CODIGO`),
  KEY `FK_RELATIONSHIP_95` (`CON_CODIGO`),
  CONSTRAINT `FK_RELATIONSHIP_135` FOREIGN KEY (`UNI_CODIGO`) REFERENCES `UNIDADE` (`UNI_CODIGO`),
  CONSTRAINT `FK_RELATIONSHIP_81` FOREIGN KEY (`TAT_CODIGO`) REFERENCES `TIPOATENDIMENTO` (`TAT_CODIGO`),
  CONSTRAINT `FK_RELATIONSHIP_83` FOREIGN KEY (`PEF_CODIGO`) REFERENCES `PESSOAFISICA` (`PEF_CODIGO`),
  CONSTRAINT `FK_RELATIONSHIP_95` FOREIGN KEY (`CON_CODIGO`) REFERENCES `CONDOMINIO` (`CON_CODIGO`)
) ENGINE=InnoDB DEFAULT CHARSET=latin1;
/*!40101 SET character_set_client = @saved_cs_client */;

--
-- Dumping data for table `ATENDIMENTO`
--

LOCK TABLES `ATENDIMENTO` WRITE;
/*!40000 ALTER TABLE `ATENDIMENTO` DISABLE KEYS */;
/*!40000 ALTER TABLE `ATENDIMENTO` ENABLE KEYS */;
UNLOCK TABLES;

--
-- Table structure for table `ATENDIMENTORESPOSTA`
--

DROP TABLE IF EXISTS `ATENDIMENTORESPOSTA`;
/*!40101 SET @saved_cs_client     = @@character_set_client */;
/*!40101 SET character_set_client = utf8 */;
CREATE TABLE `ATENDIMENTORESPOSTA` (
  `ARE_CODIGO` int(11) NOT NULL AUTO_INCREMENT,
  `ATE_CODIGO` int(11) NOT NULL,
  `PEF_CODIGO` int(11) NOT NULL,
  `ARE_SUBORDINACAO` int(11) DEFAULT NULL,
  `ARE_RESPOSTA` text NOT NULL,
  `ARE_DTRESPOSTA` datetime NOT NULL,
  PRIMARY KEY (`ARE_CODIGO`),
  KEY `FK_RELATIONSHIP_86` (`ATE_CODIGO`),
  KEY `FK_RELATIONSHIP_87` (`PEF_CODIGO`),
  KEY `FK_RELATIONSHIP_89` (`ARE_SUBORDINACAO`),
  CONSTRAINT `FK_RELATIONSHIP_86` FOREIGN KEY (`ATE_CODIGO`) REFERENCES `ATENDIMENTO` (`ATE_CODIGO`),
  CONSTRAINT `FK_RELATIONSHIP_87` FOREIGN KEY (`PEF_CODIGO`) REFERENCES `PESSOAFISICA` (`PEF_CODIGO`),
  CONSTRAINT `FK_RELATIONSHIP_89` FOREIGN KEY (`ARE_SUBORDINACAO`) REFERENCES `ATENDIMENTORESPOSTA` (`ARE_CODIGO`)
) ENGINE=InnoDB DEFAULT CHARSET=latin1;
/*!40101 SET character_set_client = @saved_cs_client */;

--
-- Dumping data for table `ATENDIMENTORESPOSTA`
--

LOCK TABLES `ATENDIMENTORESPOSTA` WRITE;
/*!40000 ALTER TABLE `ATENDIMENTORESPOSTA` DISABLE KEYS */;
/*!40000 ALTER TABLE `ATENDIMENTORESPOSTA` ENABLE KEYS */;
UNLOCK TABLES;

--
-- Table structure for table `ATENDIMENTO_STATUS`
--

DROP TABLE IF EXISTS `ATENDIMENTO_STATUS`;
/*!40101 SET @saved_cs_client     = @@character_set_client */;
/*!40101 SET character_set_client = utf8 */;
CREATE TABLE `ATENDIMENTO_STATUS` (
  `ATS_CODIGO` int(11) NOT NULL AUTO_INCREMENT,
  `STA_CODIGO` int(11) NOT NULL,
  `ATE_CODIGO` int(11) NOT NULL,
  `ATS_DTMUDANCA` datetime NOT NULL,
  `ATS_ATIVO` int(11) NOT NULL,
  PRIMARY KEY (`ATS_CODIGO`),
  KEY `FK_RELATIONSHIP_84` (`STA_CODIGO`),
  KEY `FK_RELATIONSHIP_85` (`ATE_CODIGO`),
  CONSTRAINT `FK_RELATIONSHIP_84` FOREIGN KEY (`STA_CODIGO`) REFERENCES `STATUSATENDIMENTO` (`STA_CODIGO`),
  CONSTRAINT `FK_RELATIONSHIP_85` FOREIGN KEY (`ATE_CODIGO`) REFERENCES `ATENDIMENTO` (`ATE_CODIGO`)
) ENGINE=InnoDB DEFAULT CHARSET=latin1;
/*!40101 SET character_set_client = @saved_cs_client */;

--
-- Dumping data for table `ATENDIMENTO_STATUS`
--

LOCK TABLES `ATENDIMENTO_STATUS` WRITE;
/*!40000 ALTER TABLE `ATENDIMENTO_STATUS` DISABLE KEYS */;
/*!40000 ALTER TABLE `ATENDIMENTO_STATUS` ENABLE KEYS */;
UNLOCK TABLES;

--
-- Table structure for table `AUDITORIA`
--

DROP TABLE IF EXISTS `AUDITORIA`;
/*!40101 SET @saved_cs_client     = @@character_set_client */;
/*!40101 SET character_set_client = utf8 */;
CREATE TABLE `AUDITORIA` (
  `AUD_CODIGO` int(11) NOT NULL AUTO_INCREMENT,
  `PEF_CODIGOAUTOR` int(11) NOT NULL,
  `PEF_CODIGOAFETADO` int(11) NOT NULL,
  `AUD_DTHORAAUDITORIA` datetime NOT NULL,
  `AUD_VALORANTES` text,
  `AUD_VALORDEPOIS` text,
  `AUD_ACAO` varchar(100) NOT NULL,
  PRIMARY KEY (`AUD_CODIGO`),
  KEY `FK_RELATIONSHIP_50` (`PEF_CODIGOAUTOR`),
  KEY `FK_RELATIONSHIP_51` (`PEF_CODIGOAFETADO`),
  CONSTRAINT `FK_RELATIONSHIP_50` FOREIGN KEY (`PEF_CODIGOAUTOR`) REFERENCES `PESSOAFISICA` (`PEF_CODIGO`),
  CONSTRAINT `FK_RELATIONSHIP_51` FOREIGN KEY (`PEF_CODIGOAFETADO`) REFERENCES `PESSOAFISICA` (`PEF_CODIGO`)
) ENGINE=InnoDB DEFAULT CHARSET=latin1;
/*!40101 SET character_set_client = @saved_cs_client */;

--
-- Dumping data for table `AUDITORIA`
--

LOCK TABLES `AUDITORIA` WRITE;
/*!40000 ALTER TABLE `AUDITORIA` DISABLE KEYS */;
/*!40000 ALTER TABLE `AUDITORIA` ENABLE KEYS */;
UNLOCK TABLES;

--
-- Table structure for table `AVALIACAOORDEMSERVICO`
--

DROP TABLE IF EXISTS `AVALIACAOORDEMSERVICO`;
/*!40101 SET @saved_cs_client     = @@character_set_client */;
/*!40101 SET character_set_client = utf8 */;
CREATE TABLE `AVALIACAOORDEMSERVICO` (
  `AOS_CODIGO` int(11) NOT NULL AUTO_INCREMENT,
  `ORD_CODIGO` int(11) NOT NULL,
  `PEF_CODIGOAVALIADOR` int(11) NOT NULL,
  `PEF_CODIGOAVALIADO` int(11) DEFAULT NULL,
  `AOS_DTAVALIACAO` datetime NOT NULL DEFAULT CURRENT_TIMESTAMP,
  `AOS_OBSERVACAO` text,
  PRIMARY KEY (`AOS_CODIGO`),
  KEY `FK_RELATIONSHIP_171` (`ORD_CODIGO`),
  KEY `FK_RELATIONSHIP_172` (`PEF_CODIGOAVALIADOR`),
  KEY `FK_RELATIONSHIP_173` (`PEF_CODIGOAVALIADO`),
  CONSTRAINT `FK_RELATIONSHIP_171` FOREIGN KEY (`ORD_CODIGO`) REFERENCES `ORDEMSERVICO` (`ORD_CODIGO`),
  CONSTRAINT `FK_RELATIONSHIP_172` FOREIGN KEY (`PEF_CODIGOAVALIADOR`) REFERENCES `PESSOAFISICA` (`PEF_CODIGO`),
  CONSTRAINT `FK_RELATIONSHIP_173` FOREIGN KEY (`PEF_CODIGOAVALIADO`) REFERENCES `PESSOAFISICA` (`PEF_CODIGO`)
) ENGINE=InnoDB AUTO_INCREMENT=2 DEFAULT CHARSET=latin1;
/*!40101 SET character_set_client = @saved_cs_client */;

--
-- Dumping data for table `AVALIACAOORDEMSERVICO`
--

LOCK TABLES `AVALIACAOORDEMSERVICO` WRITE;
/*!40000 ALTER TABLE `AVALIACAOORDEMSERVICO` DISABLE KEYS */;
INSERT INTO `AVALIACAOORDEMSERVICO` VALUES (1,4,5,NULL,'2019-04-04 10:48:30','');
/*!40000 ALTER TABLE `AVALIACAOORDEMSERVICO` ENABLE KEYS */;
UNLOCK TABLES;

--
-- Table structure for table `AVALIACAOOS_PERGUNTAAVALIACAO`
--

DROP TABLE IF EXISTS `AVALIACAOOS_PERGUNTAAVALIACAO`;
/*!40101 SET @saved_cs_client     = @@character_set_client */;
/*!40101 SET character_set_client = utf8 */;
CREATE TABLE `AVALIACAOOS_PERGUNTAAVALIACAO` (
  `APA_CODIGO` int(11) NOT NULL AUTO_INCREMENT,
  `AOS_CODIGO` int(11) NOT NULL,
  `PAV_CODIGO` int(11) NOT NULL,
  `APA_PONTUACAO` int(11) NOT NULL,
  PRIMARY KEY (`APA_CODIGO`),
  KEY `FK_RELATIONSHIP_169` (`AOS_CODIGO`),
  KEY `FK_RELATIONSHIP_170` (`PAV_CODIGO`),
  CONSTRAINT `FK_RELATIONSHIP_169` FOREIGN KEY (`AOS_CODIGO`) REFERENCES `AVALIACAOORDEMSERVICO` (`AOS_CODIGO`),
  CONSTRAINT `FK_RELATIONSHIP_170` FOREIGN KEY (`PAV_CODIGO`) REFERENCES `PERGUNTAAVALIACAO` (`PAV_CODIGO`)
) ENGINE=InnoDB AUTO_INCREMENT=5 DEFAULT CHARSET=latin1;
/*!40101 SET character_set_client = @saved_cs_client */;

--
-- Dumping data for table `AVALIACAOOS_PERGUNTAAVALIACAO`
--

LOCK TABLES `AVALIACAOOS_PERGUNTAAVALIACAO` WRITE;
/*!40000 ALTER TABLE `AVALIACAOOS_PERGUNTAAVALIACAO` DISABLE KEYS */;
INSERT INTO `AVALIACAOOS_PERGUNTAAVALIACAO` VALUES (1,1,1,1),(2,1,2,1),(3,1,3,5),(4,1,4,5);
/*!40000 ALTER TABLE `AVALIACAOOS_PERGUNTAAVALIACAO` ENABLE KEYS */;
UNLOCK TABLES;

--
-- Table structure for table `BAIRRO`
--

DROP TABLE IF EXISTS `BAIRRO`;
/*!40101 SET @saved_cs_client     = @@character_set_client */;
/*!40101 SET character_set_client = utf8 */;
CREATE TABLE `BAIRRO` (
  `BAI_CODIGO` int(11) NOT NULL AUTO_INCREMENT,
  `BAI_NOME` varchar(255) NOT NULL,
  `BAI_SIGLA` varchar(60) NOT NULL,
  `CID_CODIGO` int(11) NOT NULL,
  PRIMARY KEY (`BAI_CODIGO`),
  KEY `FK_RELATIONSHIP_64` (`CID_CODIGO`),
  CONSTRAINT `FK_RELATIONSHIP_64` FOREIGN KEY (`CID_CODIGO`) REFERENCES `CIDADE` (`CID_CODIGO`)
) ENGINE=InnoDB DEFAULT CHARSET=latin1;
/*!40101 SET character_set_client = @saved_cs_client */;

--
-- Dumping data for table `BAIRRO`
--

LOCK TABLES `BAIRRO` WRITE;
/*!40000 ALTER TABLE `BAIRRO` DISABLE KEYS */;
/*!40000 ALTER TABLE `BAIRRO` ENABLE KEYS */;
UNLOCK TABLES;

--
-- Table structure for table `CIDADE`
--

DROP TABLE IF EXISTS `CIDADE`;
/*!40101 SET @saved_cs_client     = @@character_set_client */;
/*!40101 SET character_set_client = utf8 */;
CREATE TABLE `CIDADE` (
  `CID_CODIGO` int(11) NOT NULL AUTO_INCREMENT,
  `UFE_CODIGO` int(11) NOT NULL,
  `CID_NOME` varchar(255) NOT NULL,
  `CID_CEP` varchar(8) DEFAULT NULL,
  PRIMARY KEY (`CID_CODIGO`),
  KEY `FK_RELATIONSHIP_63` (`UFE_CODIGO`),
  CONSTRAINT `FK_RELATIONSHIP_63` FOREIGN KEY (`UFE_CODIGO`) REFERENCES `UFE` (`UFE_CODIGO`)
) ENGINE=InnoDB DEFAULT CHARSET=latin1;
/*!40101 SET character_set_client = @saved_cs_client */;

--
-- Dumping data for table `CIDADE`
--

LOCK TABLES `CIDADE` WRITE;
/*!40000 ALTER TABLE `CIDADE` DISABLE KEYS */;
/*!40000 ALTER TABLE `CIDADE` ENABLE KEYS */;
UNLOCK TABLES;

--
-- Table structure for table `CONDOMINIO`
--

DROP TABLE IF EXISTS `CONDOMINIO`;
/*!40101 SET @saved_cs_client     = @@character_set_client */;
/*!40101 SET character_set_client = utf8 */;
CREATE TABLE `CONDOMINIO` (
  `CON_CODIGO` int(11) NOT NULL AUTO_INCREMENT,
  `PEJ_CODIGO` int(11) DEFAULT NULL,
  `CON_LOGO` varchar(255) DEFAULT NULL,
  `CON_NOMEFOTO` varchar(255) DEFAULT NULL,
  `CON_CONTENTTYPE` varchar(255) DEFAULT NULL,
  `CON_DTCADASTRO` datetime NOT NULL DEFAULT CURRENT_TIMESTAMP,
  `UFE_CODIGO` int(11) DEFAULT NULL,
  `CON_ENDERECO` varchar(255) DEFAULT NULL,
  `CON_TELEFONE_1` varchar(15) DEFAULT NULL,
  `CON_TELEFONE_2` varchar(15) DEFAULT NULL,
  `CON_TELEFONE_3` varchar(15) DEFAULT NULL,
  `CON_TELEFONE_4` varchar(15) DEFAULT NULL,
  `CON_EMAIL_1` varchar(150) DEFAULT NULL,
  `CON_EMAIL_2` varchar(150) DEFAULT NULL,
  `CON_ATIVO` int(11) NOT NULL DEFAULT '1',
  `CON_ADIMPLENTE` int(11) NOT NULL DEFAULT '1',
  PRIMARY KEY (`CON_CODIGO`),
  KEY `FK_RELATIONSHIP_112` (`UFE_CODIGO`),
  KEY `FK_RELATIONSHIP_4` (`PEJ_CODIGO`),
  CONSTRAINT `FK_RELATIONSHIP_112` FOREIGN KEY (`UFE_CODIGO`) REFERENCES `UFE` (`UFE_CODIGO`),
  CONSTRAINT `FK_RELATIONSHIP_4` FOREIGN KEY (`PEJ_CODIGO`) REFERENCES `PESSOAJURIDICA` (`PEJ_CODIGO`)
) ENGINE=InnoDB AUTO_INCREMENT=3 DEFAULT CHARSET=latin1;
/*!40101 SET character_set_client = @saved_cs_client */;

--
-- Dumping data for table `CONDOMINIO`
--

LOCK TABLES `CONDOMINIO` WRITE;
/*!40000 ALTER TABLE `CONDOMINIO` DISABLE KEYS */;
INSERT INTO `CONDOMINIO` VALUES (1,3,NULL,NULL,NULL,'2019-01-23 11:25:47',NULL,'QS 1 Rua 210, Lote 34 e 36 - Águas Claras - Brasília / DF | Cep 71950-770',NULL,NULL,NULL,NULL,'leonardobomtempo@yahoo.com.br',NULL,1,1),(2,4,NULL,'c1d3e644-4852-458e-98a2-555755a731fd.jpg','image/jpeg','2019-01-28 12:59:01',NULL,'Q QS01, RUA 210 - LOTE 34 - ÁGUAS CLARAS, BRASÍLIA/DF - CEP 71.950-770','(61) 32048-609','','',NULL,'erivaldo.oliveira@intercityhoteis.com.br','',1,1);
/*!40000 ALTER TABLE `CONDOMINIO` ENABLE KEYS */;
UNLOCK TABLES;

--
-- Table structure for table `CONDOMINIO_MODULO`
--

DROP TABLE IF EXISTS `CONDOMINIO_MODULO`;
/*!40101 SET @saved_cs_client     = @@character_set_client */;
/*!40101 SET character_set_client = utf8 */;
CREATE TABLE `CONDOMINIO_MODULO` (
  `CMO_CODIGO` int(11) NOT NULL AUTO_INCREMENT,
  `MOU_CODIGO` int(11) NOT NULL,
  `CON_CODIGO` int(11) NOT NULL,
  `CMO_DTINICIO` datetime NOT NULL DEFAULT CURRENT_TIMESTAMP,
  `CMO_DTFIM` datetime DEFAULT NULL,
  `CMO_VALOR` float DEFAULT NULL,
  PRIMARY KEY (`CMO_CODIGO`),
  KEY `FK_RELATIONSHIP_165` (`MOU_CODIGO`),
  KEY `FK_RELATIONSHIP_166` (`CON_CODIGO`),
  CONSTRAINT `FK_RELATIONSHIP_165` FOREIGN KEY (`MOU_CODIGO`) REFERENCES `MODULO` (`MOU_CODIGO`),
  CONSTRAINT `FK_RELATIONSHIP_166` FOREIGN KEY (`CON_CODIGO`) REFERENCES `CONDOMINIO` (`CON_CODIGO`)
) ENGINE=InnoDB DEFAULT CHARSET=latin1;
/*!40101 SET character_set_client = @saved_cs_client */;

--
-- Dumping data for table `CONDOMINIO_MODULO`
--

LOCK TABLES `CONDOMINIO_MODULO` WRITE;
/*!40000 ALTER TABLE `CONDOMINIO_MODULO` DISABLE KEYS */;
/*!40000 ALTER TABLE `CONDOMINIO_MODULO` ENABLE KEYS */;
UNLOCK TABLES;

--
-- Table structure for table `CONDOMINIO_PACOTESERVICO`
--

DROP TABLE IF EXISTS `CONDOMINIO_PACOTESERVICO`;
/*!40101 SET @saved_cs_client     = @@character_set_client */;
/*!40101 SET character_set_client = utf8 */;
CREATE TABLE `CONDOMINIO_PACOTESERVICO` (
  `COP_CODIGO` int(11) NOT NULL AUTO_INCREMENT,
  `PCS_CODIGO` int(11) NOT NULL,
  `CON_CODIGO` int(11) NOT NULL,
  `COP_DTINICIO` datetime NOT NULL DEFAULT CURRENT_TIMESTAMP,
  `COP_DTFIM` datetime DEFAULT NULL,
  `COP_VALOR` float DEFAULT NULL,
  `COP_ATIVO` int(11) NOT NULL DEFAULT '1',
  PRIMARY KEY (`COP_CODIGO`),
  KEY `FK_RELATIONSHIP_167` (`PCS_CODIGO`),
  KEY `FK_RELATIONSHIP_168` (`CON_CODIGO`),
  CONSTRAINT `FK_RELATIONSHIP_167` FOREIGN KEY (`PCS_CODIGO`) REFERENCES `PACOTESERVICO` (`PCS_CODIGO`),
  CONSTRAINT `FK_RELATIONSHIP_168` FOREIGN KEY (`CON_CODIGO`) REFERENCES `CONDOMINIO` (`CON_CODIGO`)
) ENGINE=InnoDB AUTO_INCREMENT=3 DEFAULT CHARSET=latin1;
/*!40101 SET character_set_client = @saved_cs_client */;

--
-- Dumping data for table `CONDOMINIO_PACOTESERVICO`
--

LOCK TABLES `CONDOMINIO_PACOTESERVICO` WRITE;
/*!40000 ALTER TABLE `CONDOMINIO_PACOTESERVICO` DISABLE KEYS */;
INSERT INTO `CONDOMINIO_PACOTESERVICO` VALUES (1,6,2,'2019-01-28 00:00:00',NULL,NULL,1),(2,1,1,'2019-02-04 00:00:00',NULL,NULL,1);
/*!40000 ALTER TABLE `CONDOMINIO_PACOTESERVICO` ENABLE KEYS */;
UNLOCK TABLES;

--
-- Table structure for table `CONTEUDO`
--

DROP TABLE IF EXISTS `CONTEUDO`;
/*!40101 SET @saved_cs_client     = @@character_set_client */;
/*!40101 SET character_set_client = utf8 */;
CREATE TABLE `CONTEUDO` (
  `COT_CODIGO` int(11) NOT NULL AUTO_INCREMENT,
  `TIC_CODIGO` int(11) NOT NULL,
  `PEF_CODIGOUSUARIOPUBLICA` int(11) NOT NULL,
  `PEF_CODIGOUSUARIORETIRA` int(11) DEFAULT NULL,
  `COT_TITULO` varchar(255) NOT NULL,
  `COT_TEXTO` text,
  `COT_DTINICIO` datetime NOT NULL,
  `COT_DTFIM` datetime DEFAULT NULL,
  `CON_CODIGO` int(11) NOT NULL,
  `COT_DESTINOPUBLICACAO` int(11) NOT NULL,
  PRIMARY KEY (`COT_CODIGO`),
  KEY `FK_RELATIONSHIP_30` (`TIC_CODIGO`),
  KEY `FK_RELATIONSHIP_35` (`PEF_CODIGOUSUARIOPUBLICA`),
  KEY `FK_RELATIONSHIP_36` (`PEF_CODIGOUSUARIORETIRA`),
  KEY `FK_RELATIONSHIP_91` (`CON_CODIGO`),
  CONSTRAINT `FK_RELATIONSHIP_30` FOREIGN KEY (`TIC_CODIGO`) REFERENCES `TIPOCONTEUDO` (`TIC_CODIGO`),
  CONSTRAINT `FK_RELATIONSHIP_35` FOREIGN KEY (`PEF_CODIGOUSUARIOPUBLICA`) REFERENCES `PESSOAFISICA` (`PEF_CODIGO`),
  CONSTRAINT `FK_RELATIONSHIP_36` FOREIGN KEY (`PEF_CODIGOUSUARIORETIRA`) REFERENCES `PESSOAFISICA` (`PEF_CODIGO`),
  CONSTRAINT `FK_RELATIONSHIP_91` FOREIGN KEY (`CON_CODIGO`) REFERENCES `CONDOMINIO` (`CON_CODIGO`)
) ENGINE=InnoDB DEFAULT CHARSET=latin1;
/*!40101 SET character_set_client = @saved_cs_client */;

--
-- Dumping data for table `CONTEUDO`
--

LOCK TABLES `CONTEUDO` WRITE;
/*!40000 ALTER TABLE `CONTEUDO` DISABLE KEYS */;
/*!40000 ALTER TABLE `CONTEUDO` ENABLE KEYS */;
UNLOCK TABLES;

--
-- Table structure for table `CONTEUDO_IMAGEM`
--

DROP TABLE IF EXISTS `CONTEUDO_IMAGEM`;
/*!40101 SET @saved_cs_client     = @@character_set_client */;
/*!40101 SET character_set_client = utf8 */;
CREATE TABLE `CONTEUDO_IMAGEM` (
  `COI_CODIGO` int(11) NOT NULL AUTO_INCREMENT,
  `COT_CODIGO` int(11) NOT NULL,
  `IMA_CODIGO` int(11) NOT NULL,
  `COI_DTINICIO` datetime NOT NULL,
  `COI_DTFIM` datetime DEFAULT NULL,
  PRIMARY KEY (`COI_CODIGO`),
  KEY `FK_RELATIONSHIP_31` (`COT_CODIGO`),
  KEY `FK_RELATIONSHIP_32` (`IMA_CODIGO`),
  CONSTRAINT `FK_RELATIONSHIP_31` FOREIGN KEY (`COT_CODIGO`) REFERENCES `CONTEUDO` (`COT_CODIGO`),
  CONSTRAINT `FK_RELATIONSHIP_32` FOREIGN KEY (`IMA_CODIGO`) REFERENCES `IMAGEM` (`IMA_CODIGO`)
) ENGINE=InnoDB DEFAULT CHARSET=latin1;
/*!40101 SET character_set_client = @saved_cs_client */;

--
-- Dumping data for table `CONTEUDO_IMAGEM`
--

LOCK TABLES `CONTEUDO_IMAGEM` WRITE;
/*!40000 ALTER TABLE `CONTEUDO_IMAGEM` DISABLE KEYS */;
/*!40000 ALTER TABLE `CONTEUDO_IMAGEM` ENABLE KEYS */;
UNLOCK TABLES;

--
-- Table structure for table `COR`
--

DROP TABLE IF EXISTS `COR`;
/*!40101 SET @saved_cs_client     = @@character_set_client */;
/*!40101 SET character_set_client = utf8 */;
CREATE TABLE `COR` (
  `CRR_CODIGO` int(11) NOT NULL AUTO_INCREMENT,
  `CRR_NOME` varchar(255) NOT NULL,
  `CRR_ATIVO` int(11) NOT NULL DEFAULT '1',
  PRIMARY KEY (`CRR_CODIGO`)
) ENGINE=InnoDB AUTO_INCREMENT=7 DEFAULT CHARSET=latin1;
/*!40101 SET character_set_client = @saved_cs_client */;

--
-- Dumping data for table `COR`
--

LOCK TABLES `COR` WRITE;
/*!40000 ALTER TABLE `COR` DISABLE KEYS */;
INSERT INTO `COR` VALUES (1,'AZUL',1),(2,'BRANCA',1),(3,'PRETA',1),(4,'PRATA',1),(5,'VERMELHA',1),(6,'VERDE',1);
/*!40000 ALTER TABLE `COR` ENABLE KEYS */;
UNLOCK TABLES;

--
-- Table structure for table `CORANIMAL`
--

DROP TABLE IF EXISTS `CORANIMAL`;
/*!40101 SET @saved_cs_client     = @@character_set_client */;
/*!40101 SET character_set_client = utf8 */;
CREATE TABLE `CORANIMAL` (
  `COA_CODIGO` int(11) NOT NULL AUTO_INCREMENT,
  `COA_NOME` varchar(50) NOT NULL,
  `COA_ATIVO` int(11) NOT NULL DEFAULT '1',
  PRIMARY KEY (`COA_CODIGO`)
) ENGINE=InnoDB DEFAULT CHARSET=latin1;
/*!40101 SET character_set_client = @saved_cs_client */;

--
-- Dumping data for table `CORANIMAL`
--

LOCK TABLES `CORANIMAL` WRITE;
/*!40000 ALTER TABLE `CORANIMAL` DISABLE KEYS */;
/*!40000 ALTER TABLE `CORANIMAL` ENABLE KEYS */;
UNLOCK TABLES;

--
-- Table structure for table `CORRESPONDENCIA`
--

DROP TABLE IF EXISTS `CORRESPONDENCIA`;
/*!40101 SET @saved_cs_client     = @@character_set_client */;
/*!40101 SET character_set_client = utf8 */;
CREATE TABLE `CORRESPONDENCIA` (
  `COR_CODIGO` int(11) NOT NULL AUTO_INCREMENT,
  `UNI_CODIGO` int(11) NOT NULL,
  `TPC_CODIGO` int(11) NOT NULL,
  `PEJ_CODIGOFUNCIONARIO` int(11) NOT NULL,
  `COR_DTRECEBIMENTO` datetime NOT NULL,
  `COR_DTENTREGA` datetime DEFAULT NULL,
  `COR_CODRASTREAMENTO` varchar(30) DEFAULT NULL,
  PRIMARY KEY (`COR_CODIGO`),
  KEY `FK_RELATIONSHIP_14` (`UNI_CODIGO`),
  KEY `FK_RELATIONSHIP_15` (`TPC_CODIGO`),
  KEY `FK_RELATIONSHIP_16` (`PEJ_CODIGOFUNCIONARIO`),
  CONSTRAINT `FK_RELATIONSHIP_14` FOREIGN KEY (`UNI_CODIGO`) REFERENCES `UNIDADE` (`UNI_CODIGO`),
  CONSTRAINT `FK_RELATIONSHIP_15` FOREIGN KEY (`TPC_CODIGO`) REFERENCES `TIPOCORRESPONDENCIA` (`TPC_CODIGO`),
  CONSTRAINT `FK_RELATIONSHIP_16` FOREIGN KEY (`PEJ_CODIGOFUNCIONARIO`) REFERENCES `PESSOAJURIDICA` (`PEJ_CODIGO`)
) ENGINE=InnoDB DEFAULT CHARSET=latin1;
/*!40101 SET character_set_client = @saved_cs_client */;

--
-- Dumping data for table `CORRESPONDENCIA`
--

LOCK TABLES `CORRESPONDENCIA` WRITE;
/*!40000 ALTER TABLE `CORRESPONDENCIA` DISABLE KEYS */;
/*!40000 ALTER TABLE `CORRESPONDENCIA` ENABLE KEYS */;
UNLOCK TABLES;

--
-- Table structure for table `DIASEMANA`
--

DROP TABLE IF EXISTS `DIASEMANA`;
/*!40101 SET @saved_cs_client     = @@character_set_client */;
/*!40101 SET character_set_client = utf8 */;
CREATE TABLE `DIASEMANA` (
  `DSS_CODIGO` int(11) NOT NULL AUTO_INCREMENT,
  `DSS_NOME` varchar(255) NOT NULL,
  `DSS_ATIVO` int(11) NOT NULL DEFAULT '1',
  PRIMARY KEY (`DSS_CODIGO`)
) ENGINE=InnoDB DEFAULT CHARSET=latin1;
/*!40101 SET character_set_client = @saved_cs_client */;

--
-- Dumping data for table `DIASEMANA`
--

LOCK TABLES `DIASEMANA` WRITE;
/*!40000 ALTER TABLE `DIASEMANA` DISABLE KEYS */;
/*!40000 ALTER TABLE `DIASEMANA` ENABLE KEYS */;
UNLOCK TABLES;

--
-- Table structure for table `DOCUMENTO`
--

DROP TABLE IF EXISTS `DOCUMENTO`;
/*!40101 SET @saved_cs_client     = @@character_set_client */;
/*!40101 SET character_set_client = utf8 */;
CREATE TABLE `DOCUMENTO` (
  `DOC_CODIGO` int(11) NOT NULL AUTO_INCREMENT,
  `TID_CODIGO` int(11) NOT NULL,
  `PFU_CODIGO` int(11) NOT NULL,
  `DOC_NOME` varchar(255) DEFAULT NULL,
  `DOC_CONTENTTYPE` varchar(255) DEFAULT NULL,
  `DOC_DESCRICAO` text,
  `DOC_ATIVO` int(11) NOT NULL DEFAULT '1',
  `PEF_CODIGOCADASTRANTE` int(11) NOT NULL,
  `PEF_CODIGOVALIDADOR` int(11) DEFAULT NULL,
  `DOC_DTCADASTRO` datetime NOT NULL DEFAULT CURRENT_TIMESTAMP,
  `DOC_DTVALIDACAO` datetime DEFAULT NULL,
  `UNI_CODIGO` int(11) NOT NULL,
  `STD_CODIGO` int(11) NOT NULL,
  PRIMARY KEY (`DOC_CODIGO`),
  KEY `FK_RELATIONSHIP_115` (`TID_CODIGO`),
  KEY `FK_RELATIONSHIP_116` (`PFU_CODIGO`),
  KEY `FK_RELATIONSHIP_120` (`PEF_CODIGOCADASTRANTE`),
  KEY `FK_RELATIONSHIP_121` (`PEF_CODIGOVALIDADOR`),
  KEY `FK_RELATIONSHIP_122` (`UNI_CODIGO`),
  KEY `FK_RELATIONSHIP_124` (`STD_CODIGO`),
  CONSTRAINT `FK_RELATIONSHIP_115` FOREIGN KEY (`TID_CODIGO`) REFERENCES `TIPODOCUMENTO` (`TID_CODIGO`),
  CONSTRAINT `FK_RELATIONSHIP_116` FOREIGN KEY (`PFU_CODIGO`) REFERENCES `PESSOAFISICA_UNIDADE` (`PFU_CODIGO`),
  CONSTRAINT `FK_RELATIONSHIP_120` FOREIGN KEY (`PEF_CODIGOCADASTRANTE`) REFERENCES `PESSOAFISICA` (`PEF_CODIGO`),
  CONSTRAINT `FK_RELATIONSHIP_121` FOREIGN KEY (`PEF_CODIGOVALIDADOR`) REFERENCES `PESSOAFISICA` (`PEF_CODIGO`),
  CONSTRAINT `FK_RELATIONSHIP_122` FOREIGN KEY (`UNI_CODIGO`) REFERENCES `UNIDADE` (`UNI_CODIGO`),
  CONSTRAINT `FK_RELATIONSHIP_124` FOREIGN KEY (`STD_CODIGO`) REFERENCES `STATUSDOCUMENTO` (`STD_CODIGO`)
) ENGINE=InnoDB DEFAULT CHARSET=latin1;
/*!40101 SET character_set_client = @saved_cs_client */;

--
-- Dumping data for table `DOCUMENTO`
--

LOCK TABLES `DOCUMENTO` WRITE;
/*!40000 ALTER TABLE `DOCUMENTO` DISABLE KEYS */;
/*!40000 ALTER TABLE `DOCUMENTO` ENABLE KEYS */;
UNLOCK TABLES;

--
-- Table structure for table `EMAIL`
--

DROP TABLE IF EXISTS `EMAIL`;
/*!40101 SET @saved_cs_client     = @@character_set_client */;
/*!40101 SET character_set_client = utf8 */;
CREATE TABLE `EMAIL` (
  `EMA_CODIGO` int(11) NOT NULL AUTO_INCREMENT,
  `PEF_CODIGO` int(11) NOT NULL,
  `EMA_DESCRICAO` varchar(150) NOT NULL,
  `EMA_ATIVO` int(11) NOT NULL DEFAULT '1',
  PRIMARY KEY (`EMA_CODIGO`),
  KEY `FK_RELATIONSHIP_78` (`PEF_CODIGO`),
  CONSTRAINT `FK_RELATIONSHIP_78` FOREIGN KEY (`PEF_CODIGO`) REFERENCES `PESSOAFISICA` (`PEF_CODIGO`)
) ENGINE=InnoDB AUTO_INCREMENT=14 DEFAULT CHARSET=latin1;
/*!40101 SET character_set_client = @saved_cs_client */;

--
-- Dumping data for table `EMAIL`
--

LOCK TABLES `EMAIL` WRITE;
/*!40000 ALTER TABLE `EMAIL` DISABLE KEYS */;
INSERT INTO `EMAIL` VALUES (1,1,'tushtech.ti@gmail.com',1),(2,2,'jcdiehl@jcdiehl.com',1),(3,3,'jcdiehl2@jcdiehl.com',1),(4,4,'leonardobomtempo@hotmail.com',1),(5,5,'erivaldo.oliveira@intercityhoteis.com.br',1),(6,6,'manutencao.jcdiehl@gmail.com',1),(7,7,'claudia.roos@gmail.com',1),(8,8,'manutencao.jcdiehl@gmail.com',1),(9,9,'manutencao.jcdiehl@gmail.com',1),(10,10,'manutencao.jcdiehl@gmail.com',1),(11,11,'manutencao.jcdiehl@gmail.com',1),(12,12,'manutencao.jcdiehl@gmail.com',1),(13,13,'manutencao.jcdiehl@gmail.com',1);
/*!40000 ALTER TABLE `EMAIL` ENABLE KEYS */;
UNLOCK TABLES;

--
-- Table structure for table `ENDERECO`
--

DROP TABLE IF EXISTS `ENDERECO`;
/*!40101 SET @saved_cs_client     = @@character_set_client */;
/*!40101 SET character_set_client = utf8 */;
CREATE TABLE `ENDERECO` (
  `END_CODIGO` int(11) NOT NULL AUTO_INCREMENT,
  `BAI_CODIGO` int(11) NOT NULL,
  `CON_CODIGO` int(11) DEFAULT NULL,
  `END_COMPLEMENTO` varchar(100) DEFAULT NULL,
  PRIMARY KEY (`END_CODIGO`),
  KEY `FK_RELATIONSHIP_65` (`BAI_CODIGO`),
  KEY `FK_RELATIONSHIP_67` (`CON_CODIGO`),
  CONSTRAINT `FK_RELATIONSHIP_65` FOREIGN KEY (`BAI_CODIGO`) REFERENCES `BAIRRO` (`BAI_CODIGO`),
  CONSTRAINT `FK_RELATIONSHIP_67` FOREIGN KEY (`CON_CODIGO`) REFERENCES `CONDOMINIO` (`CON_CODIGO`)
) ENGINE=InnoDB DEFAULT CHARSET=latin1;
/*!40101 SET character_set_client = @saved_cs_client */;

--
-- Dumping data for table `ENDERECO`
--

LOCK TABLES `ENDERECO` WRITE;
/*!40000 ALTER TABLE `ENDERECO` DISABLE KEYS */;
/*!40000 ALTER TABLE `ENDERECO` ENABLE KEYS */;
UNLOCK TABLES;

--
-- Table structure for table `ENDERECOUNIDADE`
--

DROP TABLE IF EXISTS `ENDERECOUNIDADE`;
/*!40101 SET @saved_cs_client     = @@character_set_client */;
/*!40101 SET character_set_client = utf8 */;
CREATE TABLE `ENDERECOUNIDADE` (
  `ENU_CODIGO` int(11) NOT NULL AUTO_INCREMENT,
  `CON_CODIGO` int(11) NOT NULL,
  `ENU_DESCRICAO` varchar(255) NOT NULL,
  PRIMARY KEY (`ENU_CODIGO`),
  KEY `FK_RELATIONSHIP_60` (`CON_CODIGO`),
  CONSTRAINT `FK_RELATIONSHIP_60` FOREIGN KEY (`CON_CODIGO`) REFERENCES `CONDOMINIO` (`CON_CODIGO`)
) ENGINE=InnoDB DEFAULT CHARSET=latin1;
/*!40101 SET character_set_client = @saved_cs_client */;

--
-- Dumping data for table `ENDERECOUNIDADE`
--

LOCK TABLES `ENDERECOUNIDADE` WRITE;
/*!40000 ALTER TABLE `ENDERECOUNIDADE` DISABLE KEYS */;
/*!40000 ALTER TABLE `ENDERECOUNIDADE` ENABLE KEYS */;
UNLOCK TABLES;

--
-- Table structure for table `ENQUETE`
--

DROP TABLE IF EXISTS `ENQUETE`;
/*!40101 SET @saved_cs_client     = @@character_set_client */;
/*!40101 SET character_set_client = utf8 */;
CREATE TABLE `ENQUETE` (
  `ENQ_CODIGO` int(11) NOT NULL AUTO_INCREMENT,
  `ENQ_NOME` varchar(255) NOT NULL,
  `ENQ_DTINICIO` date NOT NULL,
  `ENQ_DTFIM` date DEFAULT NULL,
  `PEF_CODIGOUSUARIO` int(11) NOT NULL,
  `ENQ_ATIVO` int(11) NOT NULL,
  PRIMARY KEY (`ENQ_CODIGO`)
) ENGINE=InnoDB DEFAULT CHARSET=latin1;
/*!40101 SET character_set_client = @saved_cs_client */;

--
-- Dumping data for table `ENQUETE`
--

LOCK TABLES `ENQUETE` WRITE;
/*!40000 ALTER TABLE `ENQUETE` DISABLE KEYS */;
/*!40000 ALTER TABLE `ENQUETE` ENABLE KEYS */;
UNLOCK TABLES;

--
-- Table structure for table `EQUIPAMENTO`
--

DROP TABLE IF EXISTS `EQUIPAMENTO`;
/*!40101 SET @saved_cs_client     = @@character_set_client */;
/*!40101 SET character_set_client = utf8 */;
CREATE TABLE `EQUIPAMENTO` (
  `EQU_CODIGO` int(11) NOT NULL AUTO_INCREMENT,
  `TIE_CODIGO` int(11) NOT NULL,
  `CON_CODIGO` int(11) NOT NULL,
  `EQU_NOME` varchar(255) NOT NULL,
  PRIMARY KEY (`EQU_CODIGO`),
  KEY `FK_RELATIONSHIP_23` (`TIE_CODIGO`),
  KEY `FK_RELATIONSHIP_79` (`CON_CODIGO`),
  CONSTRAINT `FK_RELATIONSHIP_23` FOREIGN KEY (`TIE_CODIGO`) REFERENCES `TIPOEQUIPAMENTO` (`TIE_CODIGO`),
  CONSTRAINT `FK_RELATIONSHIP_79` FOREIGN KEY (`CON_CODIGO`) REFERENCES `CONDOMINIO` (`CON_CODIGO`)
) ENGINE=InnoDB DEFAULT CHARSET=latin1;
/*!40101 SET character_set_client = @saved_cs_client */;

--
-- Dumping data for table `EQUIPAMENTO`
--

LOCK TABLES `EQUIPAMENTO` WRITE;
/*!40000 ALTER TABLE `EQUIPAMENTO` DISABLE KEYS */;
/*!40000 ALTER TABLE `EQUIPAMENTO` ENABLE KEYS */;
UNLOCK TABLES;

--
-- Table structure for table `FOTOANIMAL`
--

DROP TABLE IF EXISTS `FOTOANIMAL`;
/*!40101 SET @saved_cs_client     = @@character_set_client */;
/*!40101 SET character_set_client = utf8 */;
CREATE TABLE `FOTOANIMAL` (
  `FOA_CODIGO` int(11) NOT NULL AUTO_INCREMENT,
  `ANI_CODIGO` int(11) NOT NULL,
  `FOA_NOME` varchar(255) NOT NULL,
  `FOA_CONTENTTYPE` varchar(255) NOT NULL,
  `FOA_ATIVO` int(11) NOT NULL DEFAULT '1',
  PRIMARY KEY (`FOA_CODIGO`),
  KEY `FK_RELATIONSHIP_140` (`ANI_CODIGO`),
  CONSTRAINT `FK_RELATIONSHIP_140` FOREIGN KEY (`ANI_CODIGO`) REFERENCES `ANIMAL` (`ANI_CODIGO`)
) ENGINE=InnoDB DEFAULT CHARSET=latin1;
/*!40101 SET character_set_client = @saved_cs_client */;

--
-- Dumping data for table `FOTOANIMAL`
--

LOCK TABLES `FOTOANIMAL` WRITE;
/*!40000 ALTER TABLE `FOTOANIMAL` DISABLE KEYS */;
/*!40000 ALTER TABLE `FOTOANIMAL` ENABLE KEYS */;
UNLOCK TABLES;

--
-- Table structure for table `FOTOORDEMSERVICO`
--

DROP TABLE IF EXISTS `FOTOORDEMSERVICO`;
/*!40101 SET @saved_cs_client     = @@character_set_client */;
/*!40101 SET character_set_client = utf8 */;
CREATE TABLE `FOTOORDEMSERVICO` (
  `FOS_CODIGO` int(11) NOT NULL AUTO_INCREMENT,
  `ORD_CODIGO` int(11) NOT NULL,
  `FOS_NOME` varchar(255) NOT NULL,
  `FOS_CONTENTTYPE` varchar(255) NOT NULL,
  `FOS_ATIVO` int(11) NOT NULL DEFAULT '1',
  `FOS_TIPO` int(11) DEFAULT NULL,
  PRIMARY KEY (`FOS_CODIGO`),
  KEY `FK_RELATIONSHIP_184` (`ORD_CODIGO`),
  CONSTRAINT `FK_RELATIONSHIP_184` FOREIGN KEY (`ORD_CODIGO`) REFERENCES `ORDEMSERVICO` (`ORD_CODIGO`)
) ENGINE=InnoDB AUTO_INCREMENT=23 DEFAULT CHARSET=latin1;
/*!40101 SET character_set_client = @saved_cs_client */;

--
-- Dumping data for table `FOTOORDEMSERVICO`
--

LOCK TABLES `FOTOORDEMSERVICO` WRITE;
/*!40000 ALTER TABLE `FOTOORDEMSERVICO` DISABLE KEYS */;
INSERT INTO `FOTOORDEMSERVICO` VALUES (1,4,'d5b7f6a5-1f96-40a1-85d4-7c58e7a87c08.jpg','image/jpeg',1,1),(2,4,'456060ed-fe74-4e46-97b9-d0a4e8fb91a0.jpg','image/jpeg',1,1),(3,4,'4ceaba0e-e7dc-4088-b2cd-c698f94653f0.jpg','image/jpeg',1,1),(4,4,'65a8b6d1-6ebb-4974-8e8a-a5b5005d2437.jpg','image/jpeg',1,2),(5,4,'3da8d1c5-9067-4b5b-96f8-68ae1a666866.jpg','image/jpeg',1,2),(7,4,'6bfa8401-7809-4df1-9e45-8610489c3f3c.jpg','image/jpeg',1,2),(8,4,'7d81cdcf-8e67-40fc-87bd-a660b2b33eaa.jpg','image/jpeg',1,2),(9,6,'18ab64cb-8463-4911-a96c-e16ab819a5b3.jpg','image/jpeg',1,1),(10,5,'29367e14-36a4-4a44-a06b-6a1f7d6b1214.jpg','image/jpeg',1,2),(11,5,'994c2607-fef4-4321-8995-0b7755711da8.jpg','image/jpeg',1,2),(12,6,'e507bd7d-7d04-4221-8d21-787ab6cbd518.jpg','image/jpeg',1,2),(13,6,'9ec3adde-eea8-44b5-b457-9e672d20366e.jpg','image/jpeg',1,2),(14,7,'75991367-e996-4e23-ade2-71a418a9e258.jpg','image/jpeg',1,1),(15,8,'a6e22bf5-c136-4042-bc5b-550366536aa6.jpg','image/jpeg',1,1),(16,8,'e55d984f-700b-4bcc-ba80-132c4ba874a1.jpg','image/jpeg',1,1),(17,8,'b7285e13-4f85-4f05-ad48-f6192ada94d4.jpg','image/jpeg',1,1),(18,8,'41df5090-f9ae-4d35-99c9-3287b7e02a99.jpg','image/jpeg',1,2),(19,8,'8ab26489-9f48-484c-bae9-fd08aa1920d2.jpg','image/jpeg',1,2),(21,8,'5256c014-1108-43a8-9e1b-6a3e9383c15f.jpg','image/jpeg',1,2),(22,8,'4000ed9d-3fc2-4683-95a9-e942e1841d64.jpg','image/jpeg',1,2);
/*!40000 ALTER TABLE `FOTOORDEMSERVICO` ENABLE KEYS */;
UNLOCK TABLES;

--
-- Table structure for table `FOTOSCLASSICADOS`
--

DROP TABLE IF EXISTS `FOTOSCLASSICADOS`;
/*!40101 SET @saved_cs_client     = @@character_set_client */;
/*!40101 SET character_set_client = utf8 */;
CREATE TABLE `FOTOSCLASSICADOS` (
  `FOT_CODIGO` int(11) NOT NULL AUTO_INCREMENT,
  `ANU_CODIGO` int(11) NOT NULL,
  `FOT_NOME` varchar(255) NOT NULL,
  `FOT_DESCRICAO` varchar(255) DEFAULT NULL,
  PRIMARY KEY (`FOT_CODIGO`),
  KEY `FK_RELATIONSHIP_46` (`ANU_CODIGO`),
  CONSTRAINT `FK_RELATIONSHIP_46` FOREIGN KEY (`ANU_CODIGO`) REFERENCES `ANUNCIO` (`ANU_CODIGO`)
) ENGINE=InnoDB DEFAULT CHARSET=latin1;
/*!40101 SET character_set_client = @saved_cs_client */;

--
-- Dumping data for table `FOTOSCLASSICADOS`
--

LOCK TABLES `FOTOSCLASSICADOS` WRITE;
/*!40000 ALTER TABLE `FOTOSCLASSICADOS` DISABLE KEYS */;
/*!40000 ALTER TABLE `FOTOSCLASSICADOS` ENABLE KEYS */;
UNLOCK TABLES;

--
-- Table structure for table `FUNCAOPESSOAJURIDICA`
--

DROP TABLE IF EXISTS `FUNCAOPESSOAJURIDICA`;
/*!40101 SET @saved_cs_client     = @@character_set_client */;
/*!40101 SET character_set_client = utf8 */;
CREATE TABLE `FUNCAOPESSOAJURIDICA` (
  `FPJ_CODIGO` int(11) NOT NULL AUTO_INCREMENT,
  `FPJ_NOME` varchar(255) NOT NULL,
  `FPJ_DESCRICAO` text,
  `FPJ_ATIVO` int(11) NOT NULL DEFAULT '1',
  `PEJ_CODIGO` int(11) NOT NULL,
  PRIMARY KEY (`FPJ_CODIGO`),
  KEY `FK_RELATIONSHIP_185` (`PEJ_CODIGO`),
  CONSTRAINT `FK_RELATIONSHIP_185` FOREIGN KEY (`PEJ_CODIGO`) REFERENCES `PESSOAJURIDICA` (`PEJ_CODIGO`)
) ENGINE=InnoDB AUTO_INCREMENT=5 DEFAULT CHARSET=latin1;
/*!40101 SET character_set_client = @saved_cs_client */;

--
-- Dumping data for table `FUNCAOPESSOAJURIDICA`
--

LOCK TABLES `FUNCAOPESSOAJURIDICA` WRITE;
/*!40000 ALTER TABLE `FUNCAOPESSOAJURIDICA` DISABLE KEYS */;
INSERT INTO `FUNCAOPESSOAJURIDICA` VALUES (1,'ADMINISTRADOR SISTEMA','Administrador de todo o sistema',1,1),(2,'ADMINISTRADOR','ADMINISTRADOR',1,2),(3,'ASSISTENTE','ASSISTENTE',1,2),(4,'FUNCIONARIO','FUNCIONARIO',1,2);
/*!40000 ALTER TABLE `FUNCAOPESSOAJURIDICA` ENABLE KEYS */;
UNLOCK TABLES;

--
-- Table structure for table `GALERIA`
--

DROP TABLE IF EXISTS `GALERIA`;
/*!40101 SET @saved_cs_client     = @@character_set_client */;
/*!40101 SET character_set_client = utf8 */;
CREATE TABLE `GALERIA` (
  `GAL_CODIGO` int(11) NOT NULL AUTO_INCREMENT,
  `GAL_TITULO` varchar(255) NOT NULL,
  `GAL_DESCRICAO` text,
  `GAL_ATIVO` int(11) NOT NULL DEFAULT '1',
  PRIMARY KEY (`GAL_CODIGO`)
) ENGINE=InnoDB DEFAULT CHARSET=latin1;
/*!40101 SET character_set_client = @saved_cs_client */;

--
-- Dumping data for table `GALERIA`
--

LOCK TABLES `GALERIA` WRITE;
/*!40000 ALTER TABLE `GALERIA` DISABLE KEYS */;
/*!40000 ALTER TABLE `GALERIA` ENABLE KEYS */;
UNLOCK TABLES;

--
-- Table structure for table `GALERIA_IMAGEM`
--

DROP TABLE IF EXISTS `GALERIA_IMAGEM`;
/*!40101 SET @saved_cs_client     = @@character_set_client */;
/*!40101 SET character_set_client = utf8 */;
CREATE TABLE `GALERIA_IMAGEM` (
  `GAI_CODIGO` int(11) NOT NULL AUTO_INCREMENT,
  `GAL_CODIGO` int(11) NOT NULL,
  `IMA_CODIGO` int(11) NOT NULL,
  `PEF_CODIGOPUBLICA` int(11) NOT NULL,
  `PEF_CODIGORETIRA` int(11) DEFAULT NULL,
  `GAI_DTINICIO` datetime NOT NULL,
  `GAI_DTFIM` datetime DEFAULT NULL,
  PRIMARY KEY (`GAI_CODIGO`),
  KEY `FK_RELATIONSHIP_33` (`GAL_CODIGO`),
  KEY `FK_RELATIONSHIP_34` (`IMA_CODIGO`),
  KEY `FK_RELATIONSHIP_39` (`PEF_CODIGOPUBLICA`),
  KEY `FK_RELATIONSHIP_40` (`PEF_CODIGORETIRA`),
  CONSTRAINT `FK_RELATIONSHIP_33` FOREIGN KEY (`GAL_CODIGO`) REFERENCES `GALERIA` (`GAL_CODIGO`),
  CONSTRAINT `FK_RELATIONSHIP_34` FOREIGN KEY (`IMA_CODIGO`) REFERENCES `IMAGEM` (`IMA_CODIGO`),
  CONSTRAINT `FK_RELATIONSHIP_39` FOREIGN KEY (`PEF_CODIGOPUBLICA`) REFERENCES `PESSOAFISICA` (`PEF_CODIGO`),
  CONSTRAINT `FK_RELATIONSHIP_40` FOREIGN KEY (`PEF_CODIGORETIRA`) REFERENCES `PESSOAFISICA` (`PEF_CODIGO`)
) ENGINE=InnoDB DEFAULT CHARSET=latin1;
/*!40101 SET character_set_client = @saved_cs_client */;

--
-- Dumping data for table `GALERIA_IMAGEM`
--

LOCK TABLES `GALERIA_IMAGEM` WRITE;
/*!40000 ALTER TABLE `GALERIA_IMAGEM` DISABLE KEYS */;
/*!40000 ALTER TABLE `GALERIA_IMAGEM` ENABLE KEYS */;
UNLOCK TABLES;

--
-- Table structure for table `HISTORICOFINANCEIROCONTASRECEBER`
--

DROP TABLE IF EXISTS `HISTORICOFINANCEIROCONTASRECEBER`;
/*!40101 SET @saved_cs_client     = @@character_set_client */;
/*!40101 SET character_set_client = utf8 */;
CREATE TABLE `HISTORICOFINANCEIROCONTASRECEBER` (
  `HFC_CODIGO` int(11) NOT NULL AUTO_INCREMENT,
  `UNI_CODIGO` int(11) NOT NULL,
  `TCR_CODIGO` int(11) NOT NULL,
  `HFC_DTVENCIMENTO` date NOT NULL,
  `HFC_DTBAIXA` date DEFAULT NULL,
  `HFC_VALORPRINCIPAL` float NOT NULL,
  `HFC_VALORJUROS` float DEFAULT NULL,
  `HFC_OBSERVACAO` text,
  `HFC_VALORDESCONTO` float DEFAULT NULL,
  `HFC_FUNDORESERVA` float DEFAULT NULL,
  PRIMARY KEY (`HFC_CODIGO`),
  KEY `FK_RELATIONSHIP_68` (`TCR_CODIGO`),
  KEY `FK_RELATIONSHIP_70` (`UNI_CODIGO`),
  CONSTRAINT `FK_RELATIONSHIP_68` FOREIGN KEY (`TCR_CODIGO`) REFERENCES `TIPOCONTASRECEBER` (`TCR_CODIGO`),
  CONSTRAINT `FK_RELATIONSHIP_70` FOREIGN KEY (`UNI_CODIGO`) REFERENCES `UNIDADE` (`UNI_CODIGO`)
) ENGINE=InnoDB DEFAULT CHARSET=latin1;
/*!40101 SET character_set_client = @saved_cs_client */;

--
-- Dumping data for table `HISTORICOFINANCEIROCONTASRECEBER`
--

LOCK TABLES `HISTORICOFINANCEIROCONTASRECEBER` WRITE;
/*!40000 ALTER TABLE `HISTORICOFINANCEIROCONTASRECEBER` DISABLE KEYS */;
/*!40000 ALTER TABLE `HISTORICOFINANCEIROCONTASRECEBER` ENABLE KEYS */;
UNLOCK TABLES;

--
-- Table structure for table `HISTORICOORDEMSERVICO`
--

DROP TABLE IF EXISTS `HISTORICOORDEMSERVICO`;
/*!40101 SET @saved_cs_client     = @@character_set_client */;
/*!40101 SET character_set_client = utf8 */;
CREATE TABLE `HISTORICOORDEMSERVICO` (
  `HOS_CODIGO` int(11) NOT NULL AUTO_INCREMENT,
  `ORD_CODIGO` int(11) DEFAULT NULL,
  `HOS_DESCRICAO` text,
  `HOS_DTINICIO` datetime NOT NULL,
  `HOS_DTFIM` datetime DEFAULT NULL,
  `OSS_CODIGO` int(11) NOT NULL,
  `PEF_CODIGOEXECUTOR` int(11) DEFAULT NULL,
  PRIMARY KEY (`HOS_CODIGO`),
  KEY `FK_RELATIONSHIP_93` (`ORD_CODIGO`),
  KEY `FK_RELATIONSHIP_94` (`OSS_CODIGO`),
  KEY `FK_RELATIONSHIP_179` (`PEF_CODIGOEXECUTOR`),
  CONSTRAINT `FK_RELATIONSHIP_179` FOREIGN KEY (`PEF_CODIGOEXECUTOR`) REFERENCES `PESSOAFISICA` (`PEF_CODIGO`),
  CONSTRAINT `FK_RELATIONSHIP_93` FOREIGN KEY (`ORD_CODIGO`) REFERENCES `ORDEMSERVICO` (`ORD_CODIGO`),
  CONSTRAINT `FK_RELATIONSHIP_94` FOREIGN KEY (`OSS_CODIGO`) REFERENCES `ORDEMSERVICOSTATUS` (`OSS_CODIGO`)
) ENGINE=InnoDB AUTO_INCREMENT=32 DEFAULT CHARSET=latin1;
/*!40101 SET character_set_client = @saved_cs_client */;

--
-- Dumping data for table `HISTORICOORDEMSERVICO`
--

LOCK TABLES `HISTORICOORDEMSERVICO` WRITE;
/*!40000 ALTER TABLE `HISTORICOORDEMSERVICO` DISABLE KEYS */;
INSERT INTO `HISTORICOORDEMSERVICO` VALUES (5,4,NULL,'2019-03-26 10:18:27','2019-03-26 12:04:45',1,NULL),(6,4,'','2019-03-26 12:04:45','2019-03-27 08:52:30',2,NULL),(7,4,'Serviço executado conforme necessidade do cliente. ','2019-03-27 08:52:30','2019-03-27 09:35:23',7,NULL),(8,4,'Aguardando o gesso secar para executar a pintura. ','2019-03-27 09:35:23','2019-04-01 08:05:28',1,NULL),(12,4,'Serviço executado conforme o solicitado. ','2019-04-01 08:05:28','2019-04-01 10:45:25',11,NULL),(13,4,'','2019-04-01 10:45:25','2019-04-04 10:48:30',9,NULL),(14,4,NULL,'2019-04-04 10:48:30',NULL,11,NULL),(15,5,NULL,'2019-04-04 15:52:08','2019-04-05 12:38:12',1,NULL),(16,6,NULL,'2019-04-04 16:13:55','2019-04-05 12:38:44',1,NULL),(17,5,'','2019-04-05 12:38:12','2019-04-06 08:31:30',2,NULL),(18,6,'','2019-04-05 12:38:44','2019-04-06 08:33:25',2,NULL),(19,5,'Realizando a cotação do material para aprovação e execução da OS.','2019-04-06 08:31:30','2019-04-17 17:07:31',3,NULL),(20,6,'Realizando a cotação do material para aprovação e execução da OS. Favor aguardar.','2019-04-06 08:33:25','2019-04-17 16:51:33',3,NULL),(21,7,NULL,'2019-04-17 09:25:41','2019-04-17 16:51:09',1,NULL),(22,7,'','2019-04-17 16:51:09','2019-04-26 15:13:42',1,NULL),(23,6,'','2019-04-17 16:51:33','2019-04-26 09:38:28',7,NULL),(24,5,'Serviço executado conforme solicitado. ','2019-04-17 17:07:31',NULL,7,NULL),(25,8,NULL,'2019-04-23 16:55:40','2019-04-25 10:23:29',1,NULL),(26,8,'Conforme contato com Erivaldo a visita será executada amanhã pela manhã (26/04/2019).','2019-04-25 10:23:29','2019-04-26 15:04:12',1,NULL),(27,6,'Funcionário executará a visita para reavaliar o serviço no dia 26/04/2019','2019-04-26 09:38:28',NULL,12,NULL),(28,8,'Foi feita a visita ao local e foi constatado que há mais de um local na garagem com infiltração. ','2019-04-26 15:04:12','2019-04-26 15:05:18',2,NULL),(29,8,'Após visita ao local foi feito o levantamento do material que tem que ser orçado. O orçamento será providenciado o quanto antes. ','2019-04-26 15:05:18','2019-04-26 15:57:58',3,NULL),(30,7,'Em anexo está o orçamento para reparação no sistema de incêndio. ','2019-04-26 15:13:42',NULL,3,NULL),(31,8,'O engenheiro vai comparecer ao local para verificar se a dano a estrutura e a situação da impermeabilização.','2019-04-26 15:57:58',NULL,3,NULL);
/*!40000 ALTER TABLE `HISTORICOORDEMSERVICO` ENABLE KEYS */;
UNLOCK TABLES;

--
-- Table structure for table `HISTORICOPORTARIA`
--

DROP TABLE IF EXISTS `HISTORICOPORTARIA`;
/*!40101 SET @saved_cs_client     = @@character_set_client */;
/*!40101 SET character_set_client = utf8 */;
CREATE TABLE `HISTORICOPORTARIA` (
  `HIP_CODIGO` int(11) NOT NULL AUTO_INCREMENT,
  `PFV_CODIGO` int(11) DEFAULT NULL,
  `UNI_CODIGO` int(11) NOT NULL,
  `PFU_CODIGO` int(11) NOT NULL,
  `PEF_CODIGOCADASTRANTE` int(11) NOT NULL,
  `CON_CODIGO` int(11) NOT NULL,
  `HIP_DTENTRADA` datetime NOT NULL DEFAULT CURRENT_TIMESTAMP,
  `HIP_DTSAIDA` datetime DEFAULT NULL,
  PRIMARY KEY (`HIP_CODIGO`),
  KEY `FK_RELATIONSHIP_100` (`PFV_CODIGO`),
  KEY `FK_RELATIONSHIP_102` (`UNI_CODIGO`),
  KEY `FK_RELATIONSHIP_105` (`PEF_CODIGOCADASTRANTE`),
  KEY `FK_RELATIONSHIP_108` (`CON_CODIGO`),
  KEY `FK_RELATIONSHIP_132` (`PFU_CODIGO`),
  CONSTRAINT `FK_RELATIONSHIP_100` FOREIGN KEY (`PFV_CODIGO`) REFERENCES `PESSOAFISICA_VEICULO` (`PFV_CODIGO`),
  CONSTRAINT `FK_RELATIONSHIP_102` FOREIGN KEY (`UNI_CODIGO`) REFERENCES `UNIDADE` (`UNI_CODIGO`),
  CONSTRAINT `FK_RELATIONSHIP_105` FOREIGN KEY (`PEF_CODIGOCADASTRANTE`) REFERENCES `PESSOAFISICA` (`PEF_CODIGO`),
  CONSTRAINT `FK_RELATIONSHIP_108` FOREIGN KEY (`CON_CODIGO`) REFERENCES `CONDOMINIO` (`CON_CODIGO`),
  CONSTRAINT `FK_RELATIONSHIP_132` FOREIGN KEY (`PFU_CODIGO`) REFERENCES `PESSOAFISICA_UNIDADE` (`PFU_CODIGO`) ON DELETE NO ACTION ON UPDATE NO ACTION
) ENGINE=InnoDB DEFAULT CHARSET=latin1;
/*!40101 SET character_set_client = @saved_cs_client */;

--
-- Dumping data for table `HISTORICOPORTARIA`
--

LOCK TABLES `HISTORICOPORTARIA` WRITE;
/*!40000 ALTER TABLE `HISTORICOPORTARIA` DISABLE KEYS */;
/*!40000 ALTER TABLE `HISTORICOPORTARIA` ENABLE KEYS */;
UNLOCK TABLES;

--
-- Table structure for table `IMAGEM`
--

DROP TABLE IF EXISTS `IMAGEM`;
/*!40101 SET @saved_cs_client     = @@character_set_client */;
/*!40101 SET character_set_client = utf8 */;
CREATE TABLE `IMAGEM` (
  `IMA_CODIGO` int(11) NOT NULL AUTO_INCREMENT,
  `IMA_NOME` varchar(255) DEFAULT NULL,
  `IMA_CONTENTTYPE` varchar(255) DEFAULT NULL,
  `CON_CODIGO` int(11) NOT NULL,
  PRIMARY KEY (`IMA_CODIGO`),
  KEY `FK_RELATIONSHIP_37` (`CON_CODIGO`),
  CONSTRAINT `FK_RELATIONSHIP_37` FOREIGN KEY (`CON_CODIGO`) REFERENCES `CONDOMINIO` (`CON_CODIGO`)
) ENGINE=InnoDB DEFAULT CHARSET=latin1;
/*!40101 SET character_set_client = @saved_cs_client */;

--
-- Dumping data for table `IMAGEM`
--

LOCK TABLES `IMAGEM` WRITE;
/*!40000 ALTER TABLE `IMAGEM` DISABLE KEYS */;
/*!40000 ALTER TABLE `IMAGEM` ENABLE KEYS */;
UNLOCK TABLES;

--
-- Table structure for table `LOGIN`
--

DROP TABLE IF EXISTS `LOGIN`;
/*!40101 SET @saved_cs_client     = @@character_set_client */;
/*!40101 SET character_set_client = utf8 */;
CREATE TABLE `LOGIN` (
  `LOG_CODIGO` int(11) NOT NULL AUTO_INCREMENT,
  `PEF_CODIGO` int(11) NOT NULL,
  `LOG_DTHORALOGIN` datetime NOT NULL DEFAULT CURRENT_TIMESTAMP,
  `LOG_DTHORALOGOUT` datetime DEFAULT NULL,
  `LOG_SESSAO` varchar(100) DEFAULT NULL,
  PRIMARY KEY (`LOG_CODIGO`),
  KEY `FK_RELATIONSHIP_123` (`PEF_CODIGO`),
  CONSTRAINT `FK_RELATIONSHIP_123` FOREIGN KEY (`PEF_CODIGO`) REFERENCES `PESSOAFISICA` (`PEF_CODIGO`)
) ENGINE=InnoDB AUTO_INCREMENT=199 DEFAULT CHARSET=latin1;
/*!40101 SET character_set_client = @saved_cs_client */;

--
-- Dumping data for table `LOGIN`
--

LOCK TABLES `LOGIN` WRITE;
/*!40000 ALTER TABLE `LOGIN` DISABLE KEYS */;
INSERT INTO `LOGIN` VALUES (1,2,'2019-01-23 11:31:36','2019-01-23 11:57:26',NULL),(2,2,'2019-01-23 11:31:53','2019-01-23 11:57:26',NULL),(3,4,'2019-01-23 11:32:40','2019-02-04 14:41:01',NULL),(4,2,'2019-01-23 11:39:41','2019-01-23 11:57:26',NULL),(5,2,'2019-01-23 11:41:23','2019-01-23 11:57:26',NULL),(6,2,'2019-01-27 21:50:03','2019-01-30 21:38:56',NULL),(7,2,'2019-01-28 09:24:57','2019-01-30 21:38:56',NULL),(8,2,'2019-01-28 09:25:07','2019-01-30 21:38:56',NULL),(9,2,'2019-01-28 12:41:27','2019-01-30 21:38:56',NULL),(10,1,'2019-01-28 14:51:47','2019-02-28 16:40:02',NULL),(11,2,'2019-01-28 16:43:39','2019-01-30 21:38:56',NULL),(12,2,'2019-01-30 21:30:05','2019-01-30 21:38:56',NULL),(13,5,'2019-01-31 11:31:32',NULL,NULL),(14,5,'2019-01-31 11:36:50',NULL,NULL),(15,2,'2019-02-01 22:38:52','2019-02-01 22:39:36',NULL),(16,2,'2019-02-04 14:01:46','2019-02-04 14:11:51',NULL),(17,2,'2019-02-04 14:03:29','2019-02-04 14:11:51',NULL),(18,4,'2019-02-04 14:12:53','2019-02-04 14:41:01',NULL),(19,4,'2019-02-04 14:15:30','2019-02-04 14:41:01',NULL),(20,2,'2019-02-04 14:17:01','2019-02-04 14:44:17',NULL),(21,2,'2019-02-04 14:41:08','2019-02-04 14:44:17',NULL),(22,5,'2019-02-06 17:13:24',NULL,NULL),(23,2,'2019-02-07 13:17:58','2019-02-08 18:23:11',NULL),(24,1,'2019-02-07 16:46:03','2019-02-28 16:40:02',NULL),(25,2,'2019-02-08 18:23:02','2019-02-08 18:23:11',NULL),(26,2,'2019-02-08 19:40:59','2019-02-08 20:27:20',NULL),(27,2,'2019-02-08 20:26:56','2019-02-08 20:27:20',NULL),(28,2,'2019-02-11 15:51:28','2019-02-11 15:56:00',NULL),(29,2,'2019-02-11 18:16:03','2019-02-22 08:06:04',NULL),(30,2,'2019-02-13 08:58:52','2019-02-22 08:06:04',NULL),(31,2,'2019-02-14 14:29:16','2019-02-22 08:06:04',NULL),(32,2,'2019-02-14 14:47:57','2019-02-22 08:06:04',NULL),(33,2,'2019-02-14 17:10:48','2019-02-22 08:06:04',NULL),(34,2,'2019-02-14 17:50:10','2019-02-22 08:06:04',NULL),(35,2,'2019-02-15 09:26:49','2019-02-22 08:06:04',NULL),(36,2,'2019-02-15 14:40:03','2019-02-22 08:06:04',NULL),(37,2,'2019-02-15 17:57:47','2019-02-22 08:06:04',NULL),(38,2,'2019-02-15 19:30:51','2019-02-22 08:06:04',NULL),(39,2,'2019-02-16 07:30:38','2019-02-22 08:06:04',NULL),(40,2,'2019-02-18 10:00:14','2019-02-22 08:06:04',NULL),(41,2,'2019-02-18 13:54:11','2019-02-22 08:06:04',NULL),(42,2,'2019-02-19 09:30:11','2019-02-22 08:06:04',NULL),(43,2,'2019-02-19 10:07:10','2019-02-22 08:06:04',NULL),(44,2,'2019-02-19 16:39:31','2019-02-22 08:06:04',NULL),(45,2,'2019-02-20 08:56:21','2019-02-22 08:06:04',NULL),(46,2,'2019-02-20 16:58:20','2019-02-22 08:06:04',NULL),(47,2,'2019-02-20 21:50:24','2019-02-22 08:06:04',NULL),(48,2,'2019-02-22 08:04:47','2019-02-22 08:06:04',NULL),(49,2,'2019-02-26 17:29:36','2019-02-28 16:40:51',NULL),(50,2,'2019-02-27 08:06:56','2019-02-28 16:40:51',NULL),(51,2,'2019-02-27 17:13:06','2019-02-28 16:40:51',NULL),(52,2,'2019-02-28 10:46:50','2019-02-28 16:40:51',NULL),(53,2,'2019-02-28 10:46:57','2019-02-28 16:40:51',NULL),(54,1,'2019-02-28 14:05:25','2019-02-28 16:40:02',NULL),(55,1,'2019-02-28 14:09:44','2019-02-28 16:40:02',NULL),(56,1,'2019-02-28 16:15:18','2019-02-28 16:40:02',NULL),(57,1,'2019-02-28 16:30:58','2019-02-28 16:40:02',NULL),(58,2,'2019-02-28 16:40:04','2019-02-28 16:40:51',NULL),(59,2,'2019-02-28 16:40:08','2019-02-28 16:40:51',NULL),(60,2,'2019-02-28 17:17:23','2019-03-07 14:31:38',NULL),(61,2,'2019-02-28 17:28:46','2019-03-07 14:31:38',NULL),(62,2,'2019-02-28 17:51:30','2019-03-07 14:31:38',NULL),(63,2,'2019-02-28 18:00:17','2019-03-07 14:31:38',NULL),(64,2,'2019-02-28 18:05:08','2019-03-07 14:31:38',NULL),(65,2,'2019-02-28 18:14:46','2019-03-07 14:31:38',NULL),(66,2,'2019-03-01 07:50:13','2019-03-07 14:31:38',NULL),(67,2,'2019-03-01 08:48:09','2019-03-07 14:31:38',NULL),(68,2,'2019-03-01 08:54:30','2019-03-07 14:31:38',NULL),(69,2,'2019-03-01 10:41:33','2019-03-07 14:31:38',NULL),(70,2,'2019-03-01 11:16:13','2019-03-07 14:31:38',NULL),(71,2,'2019-03-01 12:24:51','2019-03-07 14:31:38',NULL),(72,2,'2019-03-01 15:18:44','2019-03-07 14:31:38',NULL),(73,2,'2019-03-01 16:55:32','2019-03-07 14:31:38',NULL),(74,2,'2019-03-01 16:57:32','2019-03-07 14:31:38',NULL),(75,2,'2019-03-01 17:16:06','2019-03-07 14:31:38',NULL),(76,2,'2019-03-01 18:28:17','2019-03-07 14:31:38',NULL),(77,2,'2019-03-01 18:38:28','2019-03-07 14:31:38',NULL),(78,2,'2019-03-07 09:01:17','2019-03-07 14:31:38',NULL),(79,2,'2019-03-07 14:18:03','2019-03-07 14:31:38',NULL),(80,2,'2019-03-07 14:31:33','2019-03-07 14:31:38',NULL),(81,2,'2019-03-07 16:45:02','2019-03-26 12:06:24',NULL),(82,2,'2019-03-11 11:58:20','2019-03-26 12:06:24',NULL),(83,2,'2019-03-11 14:02:27','2019-03-26 12:06:24',NULL),(84,2,'2019-03-12 09:53:36','2019-03-26 12:06:24',NULL),(85,5,'2019-03-12 11:50:49',NULL,NULL),(86,5,'2019-03-12 16:15:35',NULL,NULL),(87,2,'2019-03-12 21:33:31','2019-03-26 12:06:24',NULL),(88,2,'2019-03-13 09:38:55','2019-03-26 12:06:24',NULL),(89,2,'2019-03-14 08:25:52','2019-03-26 12:06:24',NULL),(90,2,'2019-03-20 14:15:39','2019-03-26 12:06:24',NULL),(91,2,'2019-03-20 22:31:04','2019-03-26 12:06:24',NULL),(92,2,'2019-03-21 08:30:50','2019-03-26 12:06:24',NULL),(93,2,'2019-03-21 09:25:43','2019-03-26 12:06:24',NULL),(94,2,'2019-03-21 14:37:15','2019-03-26 12:06:24',NULL),(95,2,'2019-03-25 08:02:32','2019-03-26 12:06:24',NULL),(96,2,'2019-03-25 12:08:27','2019-03-26 12:06:24',NULL),(97,2,'2019-03-25 16:36:19','2019-03-26 12:06:24',NULL),(98,2,'2019-03-26 08:18:54','2019-03-26 12:06:24',NULL),(99,2,'2019-03-26 09:36:10','2019-03-26 12:06:24',NULL),(100,5,'2019-03-26 10:02:01',NULL,NULL),(101,6,'2019-03-26 12:03:47','2019-04-26 15:01:56',NULL),(102,2,'2019-03-26 12:06:22','2019-03-26 12:06:24',NULL),(103,2,'2019-03-26 12:06:42','2019-03-26 12:08:32',NULL),(104,2,'2019-03-26 12:11:54',NULL,NULL),(105,2,'2019-03-26 12:19:18',NULL,NULL),(106,2,'2019-03-26 13:40:38',NULL,NULL),(107,2,'2019-03-26 19:54:47',NULL,NULL),(108,2,'2019-03-26 21:25:34',NULL,NULL),(109,2,'2019-03-27 08:50:33',NULL,NULL),(110,2,'2019-03-27 09:50:09',NULL,NULL),(111,6,'2019-03-27 11:00:20','2019-04-26 15:01:56',NULL),(112,2,'2019-03-27 13:52:21',NULL,NULL),(113,2,'2019-03-27 14:58:17',NULL,NULL),(114,2,'2019-03-27 17:01:41',NULL,NULL),(115,2,'2019-03-27 17:08:44',NULL,NULL),(116,2,'2019-03-28 09:27:32',NULL,NULL),(117,2,'2019-03-28 09:33:37',NULL,NULL),(118,2,'2019-03-29 11:37:04',NULL,NULL),(119,2,'2019-03-29 13:06:49',NULL,NULL),(120,2,'2019-03-30 07:35:59',NULL,NULL),(121,2,'2019-04-01 07:59:47',NULL,NULL),(122,2,'2019-04-02 14:58:05',NULL,NULL),(123,2,'2019-04-03 09:40:16',NULL,NULL),(124,2,'2019-04-04 08:57:09',NULL,NULL),(125,5,'2019-04-04 10:44:37',NULL,NULL),(126,5,'2019-04-04 10:50:50',NULL,NULL),(127,5,'2019-04-04 10:55:39',NULL,NULL),(128,5,'2019-04-04 15:48:12',NULL,NULL),(129,2,'2019-04-04 22:29:42',NULL,NULL),(130,2,'2019-04-05 08:58:38',NULL,NULL),(131,6,'2019-04-05 12:24:55','2019-04-26 15:01:56',NULL),(132,2,'2019-04-06 08:14:50',NULL,NULL),(133,2,'2019-04-06 08:16:31',NULL,NULL),(134,2,'2019-04-06 08:29:50',NULL,NULL),(135,2,'2019-04-08 07:56:42',NULL,NULL),(136,2,'2019-04-08 08:27:42',NULL,NULL),(137,2,'2019-04-08 13:54:29',NULL,NULL),(138,2,'2019-04-08 16:58:15',NULL,NULL),(139,2,'2019-04-09 08:00:00',NULL,NULL),(140,2,'2019-04-09 15:04:27',NULL,NULL),(141,2,'2019-04-09 21:38:37',NULL,NULL),(142,2,'2019-04-10 08:24:52',NULL,NULL),(143,2,'2019-04-10 10:26:36',NULL,NULL),(144,5,'2019-04-10 16:05:25',NULL,NULL),(145,5,'2019-04-10 21:58:08',NULL,NULL),(146,2,'2019-04-11 08:08:33',NULL,NULL),(147,5,'2019-04-11 09:16:23',NULL,NULL),(148,2,'2019-04-11 09:40:25',NULL,NULL),(149,2,'2019-04-11 14:23:15',NULL,NULL),(150,2,'2019-04-11 14:35:30',NULL,NULL),(151,2,'2019-04-11 16:25:59',NULL,NULL),(152,2,'2019-04-11 22:36:04',NULL,NULL),(153,2,'2019-04-12 09:49:17',NULL,NULL),(154,2,'2019-04-12 13:56:13',NULL,NULL),(155,2,'2019-04-12 16:45:36',NULL,NULL),(156,2,'2019-04-15 13:07:16',NULL,NULL),(157,5,'2019-04-17 09:23:52',NULL,NULL),(158,2,'2019-04-17 16:49:15',NULL,NULL),(159,2,'2019-04-18 07:59:21',NULL,NULL),(160,1,'2019-04-21 22:27:20','2019-04-21 22:27:37',NULL),(161,2,'2019-04-22 14:01:01',NULL,NULL),(162,2,'2019-04-23 07:50:46',NULL,NULL),(163,5,'2019-04-23 16:45:38',NULL,NULL),(164,5,'2019-04-23 22:48:47',NULL,NULL),(165,2,'2019-04-25 08:00:23',NULL,NULL),(166,2,'2019-04-25 10:13:51',NULL,NULL),(167,2,'2019-04-26 08:20:47',NULL,NULL),(168,2,'2019-04-26 11:18:09',NULL,NULL),(169,2,'2019-04-26 13:45:22',NULL,NULL),(170,2,'2019-04-26 14:50:14',NULL,NULL),(171,6,'2019-04-26 15:01:16','2019-04-26 15:01:56',NULL),(172,2,'2019-04-26 15:48:19',NULL,NULL),(173,2,'2019-04-26 15:49:12',NULL,NULL),(174,2,'2019-04-29 07:52:42',NULL,NULL),(175,1,'2019-04-29 10:02:53','2019-04-29 10:05:01',NULL),(176,1,'2019-04-29 10:08:22','2019-05-06 10:32:35',NULL),(177,1,'2019-04-29 10:20:15','2019-05-06 10:32:35',NULL),(178,1,'2019-04-29 10:22:11','2019-05-06 10:32:35',NULL),(179,1,'2019-04-29 11:14:03','2019-05-06 10:32:35',NULL),(180,2,'2019-04-29 12:27:35',NULL,NULL),(181,2,'2019-04-30 07:58:08',NULL,NULL),(182,2,'2019-04-30 09:41:05',NULL,NULL),(183,2,'2019-04-30 14:03:12',NULL,NULL),(184,2,'2019-05-02 09:46:24',NULL,NULL),(185,2,'2019-05-02 13:14:01',NULL,NULL),(186,2,'2019-05-03 09:30:37',NULL,NULL),(187,2,'2019-05-03 09:31:29',NULL,NULL),(188,1,'2019-05-03 11:15:34','2019-05-06 10:32:35',NULL),(189,2,'2019-05-03 15:05:38',NULL,NULL),(190,2,'2019-05-06 07:58:46',NULL,NULL),(191,2,'2019-05-06 10:28:00',NULL,NULL),(192,2,'2019-05-06 10:28:11',NULL,NULL),(193,1,'2019-05-06 10:30:35','2019-05-06 10:32:35',NULL),(194,1,'2019-05-06 11:41:26',NULL,NULL),(195,2,'2019-05-06 14:49:12',NULL,NULL),(196,1,'2019-05-06 17:37:38',NULL,NULL),(197,2,'2019-05-06 21:24:40',NULL,NULL),(198,1,'2019-05-07 09:46:44',NULL,NULL);
/*!40000 ALTER TABLE `LOGIN` ENABLE KEYS */;
UNLOCK TABLES;

--
-- Table structure for table `MARCA`
--

DROP TABLE IF EXISTS `MARCA`;
/*!40101 SET @saved_cs_client     = @@character_set_client */;
/*!40101 SET character_set_client = utf8 */;
CREATE TABLE `MARCA` (
  `MAR_CODIGO` int(11) NOT NULL AUTO_INCREMENT,
  `MAR_NOME` varchar(255) NOT NULL,
  `MAR_ATIVO` int(11) NOT NULL DEFAULT '1',
  `TIV_CODIGO` int(11) NOT NULL,
  PRIMARY KEY (`MAR_CODIGO`),
  KEY `FK_RELATIONSHIP_75` (`TIV_CODIGO`),
  CONSTRAINT `FK_RELATIONSHIP_75` FOREIGN KEY (`TIV_CODIGO`) REFERENCES `TIPOVEICULO` (`TIV_CODIGO`) ON DELETE NO ACTION ON UPDATE NO ACTION
) ENGINE=InnoDB AUTO_INCREMENT=247 DEFAULT CHARSET=latin1;
/*!40101 SET character_set_client = @saved_cs_client */;

--
-- Dumping data for table `MARCA`
--

LOCK TABLES `MARCA` WRITE;
/*!40000 ALTER TABLE `MARCA` DISABLE KEYS */;
INSERT INTO `MARCA` VALUES (1,'CHEVROLET',1,1),(2,'VOLKSWAGEN',1,1),(3,'FIAT',1,1),(4,'MERCEDES-BENZ',1,1),(5,'CITROEN',1,1),(6,'CHANA',1,1),(7,'HONDA',1,1),(8,'SUBARU',1,1),(9,'FERRARI',1,1),(10,'BUGATTI',1,1),(11,'LAMBORGHINI',1,1),(12,'FORD',1,1),(13,'HYUNDAI',1,1),(14,'JAC',1,1),(15,'KIA',1,1),(16,'GURGEL',1,1),(17,'DODGE',1,1),(18,'CHRYSLER',1,1),(19,'BENTLEY',1,1),(20,'SSANGYONG',1,1),(21,'PEUGEOT',1,1),(22,'TOYOTA',1,1),(23,'RENAULT',1,1),(24,'ACURA',1,1),(25,'ADAMO',1,1),(26,'AGRALE',1,1),(27,'ALFA ROMEO',1,1),(28,'AMERICAR',1,1),(29,'ASTON MARTIN',1,1),(30,'AUDI',1,1),(31,'BEACH',1,1),(32,'BIANCO',1,1),(33,'BMW',1,1),(34,'BORGWARD',1,1),(35,'BRILLIANCE',1,1),(36,'BUICK',1,1),(37,'CBT',1,1),(38,'NISSAN',1,1),(39,'CHAMONIX',1,1),(40,'CHEDA',1,1),(41,'CHERY',1,1),(42,'CORD',1,1),(43,'COYOTE',1,1),(44,'CROSS LANDER',1,1),(45,'DAEWOO',1,1),(46,'DAIHATSU',1,1),(47,'VOLVO',1,1),(48,'DE SOTO',1,1),(49,'DETOMAZO',1,1),(50,'DELOREAN',1,1),(51,'DKW-VEMAG',1,1),(52,'SUZUKI',1,1),(53,'EAGLE',1,1),(54,'EFFA',1,1),(55,'ENGESA',1,1),(56,'ENVEMO',1,1),(57,'FARUS',1,1),(58,'FERCAR',1,1),(59,'FNM',1,1),(60,'PONTIAC',1,1),(61,'PORSCHE',1,1),(62,'GEO',1,1),(63,'GRANCAR',1,1),(64,'GREAT WALL',1,1),(65,'HAFEI',1,1),(66,'HOFSTETTER',1,1),(67,'HUDSON',1,1),(68,'HUMMER',1,1),(69,'INFINITI',1,1),(70,'INTERNATIONAL',1,1),(71,'JAGUAR',1,1),(72,'JEEP',1,1),(73,'JINBEI',1,1),(74,'JPX',1,1),(75,'KAISER',1,1),(76,'KOENIGSEGG',1,1),(77,'LAUTOMOBILE',1,1),(78,'LAUTOCRAFT',1,1),(79,'LADA',1,1),(80,'LANCIA',1,1),(81,'LAND ROVER',1,1),(82,'LEXUS',1,1),(83,'LIFAN',1,1),(84,'LINCOLN',1,1),(85,'LOBINI',1,1),(86,'LOTUS',1,1),(87,'MAHINDRA',1,1),(88,'MASERATI',1,1),(89,'MATRA',1,1),(90,'MAYBACH',1,1),(91,'MAZDA',1,1),(92,'MENON',1,1),(93,'MERCURY',1,1),(94,'MITSUBISHI',1,1),(95,'MG',1,1),(96,'MINI',1,1),(97,'MIURA',1,1),(98,'MORRIS',1,1),(99,'MP LAFER',1,1),(100,'MPLM',1,1),(101,'NEWTRACK',1,1),(102,'NISSIN',1,1),(103,'OLDSMOBILE',1,1),(104,'PAG',1,1),(105,'PAGANI',1,1),(106,'PLYMOUTH',1,1),(107,'PUMA',1,1),(108,'RENO',1,1),(109,'REVA-I',1,1),(110,'ROLLS-ROYCE',1,1),(111,'ROMI',1,1),(112,'SEAT',1,1),(113,'UTILITARIOS AGRICOLAS',1,1),(114,'SHINERAY',1,1),(115,'SAAB',1,1),(116,'SHORT',1,1),(117,'SIMCA',1,1),(118,'SMART',1,1),(119,'SPYKER',1,1),(120,'STANDARD',1,1),(121,'STUDEBAKER',1,1),(122,'TAC',1,1),(123,'TANGER',1,1),(124,'TRIUMPH',1,1),(125,'TROLLER',1,1),(126,'UNIMOG',1,1),(127,'WIESMANN',1,1),(128,'CADILLAC',1,1),(129,'AM GEN',1,1),(130,'BUGGY',1,1),(131,'WILLYS OVERLAND',1,1),(132,'KASEA',1,1),(133,'SATURN',1,1),(134,'SWELL MINI',1,1),(135,'SKODA',1,1),(136,'KARMANN GHIA',1,1),(137,'KART',1,1),(138,'HANOMAG',1,1),(139,'OUTROS',1,1),(140,'HILLMAN',1,1),(141,'HRG',1,1),(142,'GAIOLA',1,1),(143,'TATA',1,1),(144,'DITALLY',1,1),(145,'RELY',1,1),(146,'MCLAREN',1,1),(147,'GEELY',1,1),(148,'HONDA',1,2),(149,'AGRALE',1,2),(150,'BMW',1,2),(151,'SUZUKI',1,2),(152,'LIFAN',1,2),(153,'MAHINDRA',1,2),(154,'SHINERAY',1,2),(155,'KASINSKI',1,2),(156,'YAMAHA',1,2),(157,'GARINNI',1,2),(158,'SUNDOWN',1,2),(159,'KAWASAKI',1,2),(160,'POLARIS',1,2),(161,'ADLY',1,2),(162,'AMAZONAS',1,2),(163,'APRILIA',1,2),(164,'ATALA',1,2),(165,'BAJAJ',1,2),(166,'BENELLI',1,2),(167,'BETA',1,2),(168,'BIMOTA',1,2),(169,'BRANDY',1,2),(170,'BRAVA',1,2),(171,'BRP',1,2),(172,'BUELL',1,2),(173,'BUENO',1,2),(174,'CAGIVA',1,2),(175,'MOBILETE',1,2),(176,'DAELIM',1,2),(177,'DAFRA',1,2),(178,'DAYANG',1,2),(179,'DAYUN',1,2),(180,'DERBI',1,2),(181,'DUCATI',1,2),(182,'EMME',1,2),(183,'FYM',1,2),(184,'GAS GAS',1,2),(185,'GREEN',1,2),(186,'HAOBAO',1,2),(187,'HARLEY-DAVIDSON',1,2),(188,'HARTFORD',1,2),(189,'HERO',1,2),(190,'HUSABERG',1,2),(191,'HUSQVARNA',1,2),(192,'IROS',1,2),(193,'JIAPENG VOLCANO',1,2),(194,'JOHNNYPAG',1,2),(195,'JONNY',1,2),(196,'KAHENA',1,2),(197,'KIMCO',1,2),(198,'LAQUILA',1,2),(199,'LANDUM',1,2),(200,'LAVRALE',1,2),(201,'LERIVO',1,2),(202,'LON-V',1,2),(203,'TRICICLO',1,2),(204,'MALAGUTI',1,2),(205,'MIZA',1,2),(206,'MOTO GUZZI',1,2),(207,'MRX',1,2),(208,'MV AUGUSTA',1,2),(209,'MVK',1,2),(210,'ORCA',1,2),(211,'PEGASSI',1,2),(212,'PIAGGIO',1,2),(213,'REGAL RAPTOR',1,2),(214,'SANYANG',1,2),(215,'SIAMOTO',1,2),(216,'TARGOS',1,2),(217,'TRAXX',1,2),(218,'VENTO',1,2),(219,'WUYANG',1,2),(220,'GARRA',1,2),(221,'X MOTOS',1,2),(222,'TRICKER',1,2),(223,'LAMBRETA',1,2),(224,'OUTROS',1,2),(225,'SCOOTER',1,2),(226,'ZONGSHEN',1,2),(227,'BIRELLI',1,2),(228,'WALK MACHINE',1,2),(229,'FBM',1,2),(230,'ARIEL',1,2),(231,'DUCAR',1,2),(232,'DITALLY',1,2),(233,'MARVA',1,2),(234,'WOLVER',1,2),(235,'KTM',1,2),(236,'LEOPARD',1,2),(237,'JAWA',1,2),(238,'BULL',1,2),(239,'CAN-AM',1,2),(240,'ACELLERA',1,2),(241,'VICTORY',1,2),(242,'INDIAN',1,2),(243,'BRAVAX',1,2),(244,'GARELLI',1,2),(245,'TRIUMPH',1,2),(246,'PEUGEOT MOTO',1,2);
/*!40000 ALTER TABLE `MARCA` ENABLE KEYS */;
UNLOCK TABLES;

--
-- Table structure for table `MENSAGEM`
--

DROP TABLE IF EXISTS `MENSAGEM`;
/*!40101 SET @saved_cs_client     = @@character_set_client */;
/*!40101 SET character_set_client = utf8 */;
CREATE TABLE `MENSAGEM` (
  `MEN_CODIGO` int(11) NOT NULL AUTO_INCREMENT,
  `PEF_CODIGOREMETENTE` int(11) NOT NULL,
  `PEF_CODIGODESTINATARIO` int(11) DEFAULT NULL,
  `CON_CODIGO` int(11) DEFAULT NULL,
  `MEN_DTINCLUSAO` datetime NOT NULL DEFAULT CURRENT_TIMESTAMP,
  `MEN_DTRECEBIMENTO` datetime DEFAULT NULL,
  `MEN_OBSERVACAO` text NOT NULL,
  `MEN_ACAO` varchar(150) DEFAULT NULL,
  `MEN_ATIVO` int(1) NOT NULL DEFAULT '1',
  `MEN_ALERTA` int(11) NOT NULL DEFAULT '0',
  `MEN_ASSUNTO` varchar(255) DEFAULT NULL,
  PRIMARY KEY (`MEN_CODIGO`),
  KEY `FK_RELATIONSHIP_145` (`CON_CODIGO`),
  KEY `FK_RELATIONSHIP_143` (`PEF_CODIGOREMETENTE`),
  KEY `FK_RELATIONSHIP_144` (`PEF_CODIGODESTINATARIO`),
  CONSTRAINT `FK_RELATIONSHIP_143` FOREIGN KEY (`PEF_CODIGOREMETENTE`) REFERENCES `PESSOAFISICA` (`PEF_CODIGO`),
  CONSTRAINT `FK_RELATIONSHIP_144` FOREIGN KEY (`PEF_CODIGODESTINATARIO`) REFERENCES `PESSOAFISICA` (`PEF_CODIGO`),
  CONSTRAINT `FK_RELATIONSHIP_145` FOREIGN KEY (`CON_CODIGO`) REFERENCES `CONDOMINIO` (`CON_CODIGO`)
) ENGINE=InnoDB AUTO_INCREMENT=42 DEFAULT CHARSET=latin1;
/*!40101 SET character_set_client = @saved_cs_client */;

--
-- Dumping data for table `MENSAGEM`
--

LOCK TABLES `MENSAGEM` WRITE;
/*!40000 ALTER TABLE `MENSAGEM` DISABLE KEYS */;
INSERT INTO `MENSAGEM` VALUES (1,4,2,1,'2019-02-04 14:16:52','2019-02-04 00:00:00','Queda de energia.','/mensagem/ordemservico/ficha/1/1',1,1,'O Condominio JCDIEHL abriu uma OS!'),(2,4,2,1,'2019-02-04 14:16:57','2019-02-04 00:00:00','Queda de energia.','/mensagem/ordemservico/ficha/2/2',1,1,'O Condominio JCDIEHL abriu uma OS!'),(3,4,2,1,'2019-02-04 14:21:10','2019-02-04 00:00:00','','/mensagem/ordemservico/ficha/3/3',1,1,'O Condominio JCDIEHL abriu uma OS!'),(4,2,4,NULL,'2019-03-01 10:56:54',NULL,'','/mensagem/ordemservico/ficha/1/4',1,0,'A empresa JCDIEHL II alterou o status da OS Eletrica/Iluminacao para VISITA EXECUTADA'),(5,5,2,2,'2019-03-26 10:18:27','2019-03-26 00:00:00','Prezados favor recompor o forro de gesso do hall de eventos o mesmo caiu devido o rompimento da rede de esgoto do restaurante ','/mensagem/ordemservico/ficha/4/5',1,1,'O Condominio CONDOMINIO LED AGUAS CLARAS abriu uma OS!'),(6,2,6,2,'2019-03-26 12:02:14','2019-03-27 00:00:00','','/mensagem/funcionario/ordemservico/ficha/1/6',1,1,'Você foi viculado a Ordem de serviço 4/2019'),(7,2,5,NULL,'2019-03-26 12:04:45','2019-04-04 00:00:00','','/mensagem/ordemservico/ficha/4/7',1,1,'A empresa JCDIEHL II alterou o status da OS Civil/Gesso para VISITA EXECUTADA'),(8,2,5,NULL,'2019-03-27 08:52:30','2019-04-04 00:00:00','Serviço executado conforme necessidade do cliente. ','/mensagem/ordemservico/ficha/4/8',1,1,'A empresa JCDIEHL II alterou o status da OS Civil/Gesso para SERVICO EXECUTADO'),(9,2,5,NULL,'2019-03-27 09:35:23','2019-04-04 00:00:00','Aguardando o gesso secar para executar a pintura. ','/mensagem/ordemservico/ficha/4/9',1,1,'A empresa JCDIEHL II alterou o status da OS Civil/Gesso para ABERTA'),(10,2,4,NULL,'2019-03-27 10:56:31',NULL,'','/mensagem/ordemservico/ficha/3/10',1,0,'A empresa JCDIEHL II alterou o status da OS Ar Condicionado/Tubulacoes para CANCELADA'),(11,2,4,NULL,'2019-03-27 11:06:03',NULL,'','/mensagem/ordemservico/ficha/1/11',1,0,'A empresa JCDIEHL II alterou o status da OS Eletrica/Iluminacao para CANCELADA'),(12,2,4,NULL,'2019-03-27 11:07:43',NULL,'','/mensagem/ordemservico/ficha/2/12',1,0,'A empresa JCDIEHL II alterou o status da OS Eletrica/Iluminacao para CANCELADA'),(13,2,5,NULL,'2019-04-01 08:05:28','2019-04-04 00:00:00','Serviço executado conforme o solicitado. ','/mensagem/ordemservico/ficha/4/13',1,1,'A empresa JCDIEHL II alterou o status da OS Civil/Gesso para FINALIZADA'),(14,2,5,NULL,'2019-04-01 10:45:25','2019-04-23 00:00:00','','/mensagem/ordemservico/ficha/4/14',1,1,'A empresa JCDIEHL II alterou o status da OS Civil/Gesso para PESQUISA DE SATISFACAO'),(15,5,2,2,'2019-04-04 10:48:30','2019-04-04 00:00:00','NÃO FEZ OBSERVAÇÕES SEOBRE A AVALIAÇÃO','/mensagem/ordemservico/ficha/4/15',1,1,'O Condominio CONDOMINIO LED AGUAS CLARAS Respondeu a Pesquisa de Satisfação!'),(16,5,7,2,'2019-04-04 10:48:30',NULL,'NÃO FEZ OBSERVAÇÕES SEOBRE A AVALIAÇÃO','/mensagem/ordemservico/ficha/4/16',1,0,'O Condominio CONDOMINIO LED AGUAS CLARAS Respondeu a Pesquisa de Satisfação!'),(17,5,2,2,'2019-04-04 15:52:08','2019-04-04 00:00:00','Calha não comporta o volume de água ','/mensagem/ordemservico/ficha/5/17',1,1,'O Condominio CONDOMINIO LED AGUAS CLARAS abriu uma OS!'),(18,5,7,2,'2019-04-04 15:52:08',NULL,'Calha não comporta o volume de água ','/mensagem/ordemservico/ficha/5/18',1,0,'O Condominio CONDOMINIO LED AGUAS CLARAS abriu uma OS!'),(19,5,2,2,'2019-04-04 16:13:55','2019-04-04 00:00:00','Infiltração na marquise da recepção do hotel recorrente de água da chuva ','/mensagem/ordemservico/ficha/6/19',1,1,'O Condominio CONDOMINIO LED AGUAS CLARAS abriu uma OS!'),(20,5,7,2,'2019-04-04 16:13:55',NULL,'Infiltração na marquise da recepção do hotel recorrente de água da chuva ','/mensagem/ordemservico/ficha/6/20',1,0,'O Condominio CONDOMINIO LED AGUAS CLARAS abriu uma OS!'),(21,2,6,2,'2019-04-05 12:21:27',NULL,'','/mensagem/funcionario/ordemservico/ficha/2/21',1,1,'Você foi viculado a Ordem de serviço 5/2019'),(22,2,6,2,'2019-04-05 12:21:41',NULL,'','/mensagem/funcionario/ordemservico/ficha/3/22',1,1,'Você foi viculado a Ordem de serviço 6/2019'),(23,2,5,NULL,'2019-04-05 12:38:12','2019-04-11 00:00:00','','/mensagem/ordemservico/ficha/5/23',1,1,'A empresa JCDIEHL II alterou o status da OS Civil/Alvenaria para VISITA EXECUTADA'),(24,2,5,NULL,'2019-04-05 12:38:44','2019-04-11 00:00:00','','/mensagem/ordemservico/ficha/6/24',1,1,'A empresa JCDIEHL II alterou o status da OS Civil/Teto para VISITA EXECUTADA'),(25,2,5,NULL,'2019-04-06 08:31:30','2019-04-11 00:00:00','Realizando a cotação do material para aprovação e execução da OS.','/mensagem/ordemservico/ficha/5/25',1,1,'A empresa JCDIEHL II alterou o status da OS Civil/Alvenaria para COTACAO DE MATERIAL'),(26,2,5,NULL,'2019-04-06 08:33:25','2019-04-11 00:00:00','Realizando a cotação do material para aprovação e execução da OS. Favor aguardar.','/mensagem/ordemservico/ficha/6/26',1,1,'A empresa JCDIEHL II alterou o status da OS Civil/Teto para COTACAO DE MATERIAL'),(27,5,2,2,'2019-04-17 09:25:41','2019-04-17 00:00:00','Central de incêndio está inoperante ','/mensagem/ordemservico/ficha/7/27',1,1,'O Condominio CONDOMINIO LED AGUAS CLARAS abriu uma OS!'),(28,5,7,2,'2019-04-17 09:25:42',NULL,'Central de incêndio está inoperante ','/mensagem/ordemservico/ficha/7/28',1,0,'O Condominio CONDOMINIO LED AGUAS CLARAS abriu uma OS!'),(29,2,6,2,'2019-04-17 16:50:08',NULL,'','/mensagem/funcionario/ordemservico/ficha/4/29',1,0,'Você foi viculado a Ordem de serviço 7/2019'),(30,2,5,NULL,'2019-04-17 16:51:09','2019-04-23 00:00:00','','/mensagem/ordemservico/ficha/7/30',1,1,'A empresa JCDIEHL II alterou o status da OS Incendio/Sistema de deteccao para ABERTA'),(31,2,5,NULL,'2019-04-17 16:51:33','2019-04-23 00:00:00','','/mensagem/ordemservico/ficha/6/31',1,1,'A empresa JCDIEHL II alterou o status da OS Civil/Teto para SERVICO EXECUTADO'),(32,2,5,NULL,'2019-04-17 17:07:31',NULL,'Serviço executado conforme solicitado. ','/mensagem/ordemservico/ficha/5/32',1,1,'A empresa JCDIEHL II alterou o status da OS Civil/Alvenaria para SERVICO EXECUTADO'),(33,5,2,2,'2019-04-23 16:55:40','2019-04-25 00:00:00','Favor verificar infiltrações na laje próximo a governança,  a água da chuva está caindo sobre a calha de energia, oferecendo  risco de curto circuito','/mensagem/ordemservico/ficha/8/33',1,1,'O Condominio CONDOMINIO LED AGUAS CLARAS abriu uma OS!'),(34,5,7,2,'2019-04-23 16:55:40',NULL,'Favor verificar infiltrações na laje próximo a governança,  a água da chuva está caindo sobre a calha de energia, oferecendo  risco de curto circuito','/mensagem/ordemservico/ficha/8/34',1,0,'O Condominio CONDOMINIO LED AGUAS CLARAS abriu uma OS!'),(35,2,6,2,'2019-04-25 09:25:14',NULL,'','/mensagem/funcionario/ordemservico/ficha/5/35',1,1,'Você foi viculado a Ordem de serviço 8/2019'),(36,2,5,NULL,'2019-04-25 10:23:29',NULL,'Conforme contato com Erivaldo a visita será executada amanhã pela manhã (26/04/2019).','/mensagem/ordemservico/ficha/8/36',1,0,'A empresa JCDIEHL II alterou o status da OS Civil/Teto para ABERTA'),(37,2,5,NULL,'2019-04-26 09:38:28',NULL,'Funcionário executará a visita para reavaliar o serviço no dia 26/04/2019','/mensagem/ordemservico/ficha/6/37',1,0,'A empresa JCDIEHL II alterou o status da OS Civil/Teto para GARANTIA'),(38,2,5,NULL,'2019-04-26 15:04:12',NULL,'Foi feita a visita ao local e foi constatado que há mais de um local na garagem com infiltração. ','/mensagem/ordemservico/ficha/8/38',1,0,'A empresa JCDIEHL II alterou o status da OS Civil/Teto para VISITA EXECUTADA'),(39,2,5,NULL,'2019-04-26 15:05:18',NULL,'Após visita ao local foi feito o levantamento do material que tem que ser orçado. O orçamento será providenciado o quanto antes. ','/mensagem/ordemservico/ficha/8/39',1,0,'A empresa JCDIEHL II alterou o status da OS Civil/Teto para COTACAO DE MATERIAL'),(40,2,5,NULL,'2019-04-26 15:13:42',NULL,'Em anexo está o orçamento para reparação no sistema de incêndio. ','/mensagem/ordemservico/ficha/7/40',1,0,'A empresa JCDIEHL II alterou o status da OS Incendio/Sistema de deteccao para COTACAO DE MATERIAL'),(41,2,5,NULL,'2019-04-26 15:57:58',NULL,'O engenheiro vai comparecer ao local para verificar se a dano a estrutura e a situação da impermeabilização.','/mensagem/ordemservico/ficha/8/41',1,0,'A empresa JCDIEHL II alterou o status da OS Civil/Teto para COTACAO DE MATERIAL');
/*!40000 ALTER TABLE `MENSAGEM` ENABLE KEYS */;
UNLOCK TABLES;

--
-- Table structure for table `MODELO`
--

DROP TABLE IF EXISTS `MODELO`;
/*!40101 SET @saved_cs_client     = @@character_set_client */;
/*!40101 SET character_set_client = utf8 */;
CREATE TABLE `MODELO` (
  `MOD_CODIGO` int(11) NOT NULL AUTO_INCREMENT,
  `MAR_CODIGO` int(11) NOT NULL,
  `MOD_NOME` varchar(255) NOT NULL,
  `MOD_ATIVO` int(11) NOT NULL DEFAULT '1',
  PRIMARY KEY (`MOD_CODIGO`),
  KEY `FK_RELATIONSHIP_17` (`MAR_CODIGO`),
  CONSTRAINT `FK_RELATIONSHIP_17` FOREIGN KEY (`MAR_CODIGO`) REFERENCES `MARCA` (`MAR_CODIGO`)
) ENGINE=InnoDB AUTO_INCREMENT=2082 DEFAULT CHARSET=latin1;
/*!40101 SET character_set_client = @saved_cs_client */;

--
-- Dumping data for table `MODELO`
--

LOCK TABLES `MODELO` WRITE;
/*!40000 ALTER TABLE `MODELO` DISABLE KEYS */;
INSERT INTO `MODELO` VALUES (1,24,'INTEGRA',1),(2,24,'LEGEND',1),(3,24,'NSX',1),(4,26,'MARRUA',1),(5,27,'145',1),(6,27,'147',1),(7,27,'155',1),(8,27,'156',1),(9,27,'164',1),(10,27,'166',1),(11,27,'2300',1),(12,27,'SPIDER',1),(13,131,'RURAL',1),(14,15,'AM-825',1),(15,15,'HI-TOPIC',1),(16,15,'ROCSTA',1),(17,15,'TOPIC',1),(18,15,'TOWNER',1),(19,30,'100',1),(20,30,'80',1),(21,30,'A1',1),(22,30,'A3',1),(23,30,'A4 SEDAN',1),(24,30,'A5 COUPE',1),(25,30,'A6 SEDAN',1),(26,30,'A7',1),(27,30,'A8',1),(28,30,'Q3',1),(29,30,'Q5',1),(30,30,'Q7',1),(31,30,'R8',1),(32,30,'RS3',1),(33,30,'RS4',1),(34,30,'RS5',1),(35,30,'RS6',1),(36,30,'S3',1),(37,30,'S4 SEDAN',1),(38,30,'S6 SEDAN',1),(39,30,'S8',1),(40,30,'TT',1),(41,30,'TTS',1),(42,131,'ITAMARATY',1),(43,128,'SRX4',1),(44,128,'ESCALADE',1),(45,129,'HUMMER',1),(46,37,'JAVALI',1),(47,6,'MINI STAR FAMILY',1),(48,6,'MINI STAR UTILITY',1),(49,41,'CIELO',1),(50,41,'FACE',1),(51,41,'QQ',1),(52,41,'S-18',1),(53,41,'TIGGO',1),(54,18,'300C',1),(55,18,'CARAVAN',1),(56,18,'CIRRUS',1),(57,18,'GRAN CARAVAN',1),(58,18,'LE BARON',1),(59,18,'NEON',1),(60,18,'PT CRUISER',1),(61,18,'SEBRING',1),(62,18,'STRATUS',1),(63,18,'TOWN E COUNTRY',1),(64,18,'VISION',1),(65,5,'AIRCROSS',1),(66,5,'AX',1),(67,5,'BERLINGO',1),(68,5,'BX',1),(69,5,'C3',1),(70,5,'C4',1),(71,5,'C5',1),(72,5,'C6',1),(73,5,'C8',1),(74,5,'DS3',1),(75,5,'EVASION',1),(76,5,'JUMPER',1),(77,5,'XANTIA',1),(78,5,'XM',1),(79,5,'XSARA',1),(80,5,'ZX',1),(81,44,'CL-244',1),(82,44,'CL-330',1),(83,45,'ESPERO',1),(84,45,'LANOS',1),(85,45,'LEGANZA',1),(86,45,'NUBIRA',1),(87,45,'PRINCE',1),(88,45,'RACER',1),(89,45,'SUPER SALON',1),(90,45,'TICO',1),(91,46,'APPLAUSE',1),(92,46,'CHARADE',1),(93,46,'CUORE',1),(94,46,'FEROZA',1),(95,46,'GRAN MOVE',1),(96,46,'MOVE VAN',1),(97,46,'TERIOS',1),(98,17,'AVENGER',1),(99,17,'DAKOTA',1),(100,17,'JOURNEY',1),(101,17,'RAM',1),(102,17,'STEALTH',1),(103,54,'M-100',1),(104,54,'PLUTUS',1),(105,54,'START',1),(106,54,'ULC',1),(107,55,'ENGESA',1),(108,56,'CAMPER',1),(109,56,'MASTER',1),(110,9,'348',1),(111,9,'355',1),(112,9,'360',1),(113,9,'456',1),(114,9,'550',1),(115,9,'575M',1),(116,9,'612',1),(117,9,'CALIFORNIA',1),(118,9,'F430',1),(119,9,'F599',1),(120,3,'147',1),(121,3,'500',1),(122,3,'BRAVA',1),(123,3,'BRAVO',1),(124,3,'COUPE',1),(125,3,'DOBLO',1),(126,3,'DUCATO CARGO',1),(127,3,'DUNA',1),(128,3,'ELBA',1),(129,3,'FIORINO',1),(130,3,'FREEMONT',1),(131,3,'GRAND SIENA',1),(132,3,'IDEA',1),(133,3,'LINEA',1),(134,3,'MAREA',1),(135,3,'OGGI',1),(136,3,'PALIO',1),(137,3,'PANORAMA',1),(138,3,'PREMIO',1),(139,3,'PUNTO',1),(140,3,'SIENA',1),(141,3,'STILO',1),(142,3,'STRADA',1),(143,3,'TEMPRA',1),(144,3,'TIPO',1),(145,3,'UNO',1),(146,12,'AEROSTAR',1),(147,12,'ASPIRE',1),(148,12,'BELINA',1),(149,12,'CLUB WAGON',1),(150,12,'CONTOUR',1),(151,12,'CORCEL II',1),(152,12,'COURIER',1),(153,12,'CROWN VICTORIA',1),(154,12,'DEL REY',1),(155,12,'ECOSPORT',1),(156,12,'EDGE',1),(157,12,'ESCORT',1),(158,12,'EXPEDITION',1),(159,12,'EXPLORER',1),(160,12,'F-100',1),(161,12,'F-1000',1),(162,12,'F-150',1),(163,12,'F-250',1),(164,12,'FIESTA',1),(165,12,'FOCUS',1),(166,12,'FURGLAINE',1),(167,12,'FUSION',1),(168,12,'IBIZA',1),(169,12,'KA',1),(170,12,'MONDEO',1),(171,12,'MUSTANG',1),(172,12,'PAMPA',1),(173,12,'PROBE',1),(174,12,'RANGER',1),(175,12,'VERSAILLES ROYALE',1),(176,12,'TAURUS',1),(177,12,'THUNDERBIRD',1),(178,12,'TRANSIT',1),(179,12,'VERONA',1),(180,12,'VERSAILLES',1),(181,12,'WINDSTAR',1),(182,1,'A-10',1),(183,1,'A-20',1),(184,1,'AGILE',1),(185,1,'ASTRA',1),(186,1,'BLAZER',1),(187,1,'BONANZA',1),(188,1,'C-10',1),(189,1,'C-20',1),(190,1,'CALIBRA',1),(191,1,'CAMARO',1),(192,1,'CAPRICE',1),(193,1,'CAPTIVA',1),(194,1,'CARAVAN',1),(195,1,'CAVALIER',1),(196,1,'CELTA',1),(197,1,'CHEVY',1),(198,1,'CHEYNNE',1),(199,1,'COBALT',1),(200,1,'CORSA',1),(201,1,'CORVETTE',1),(202,1,'CRUZE',1),(203,1,'D-10',1),(204,1,'D-20',1),(205,1,'IPANEMA',1),(206,1,'KADETT',1),(207,1,'LUMINA',1),(208,1,'MALIBU',1),(209,1,'MERIVA',1),(210,1,'MONTANA',1),(211,1,'OMEGA',1),(212,1,'OPALA',1),(213,1,'PRISMA',1),(214,1,'S10',1),(215,1,'SILVERADO',1),(216,1,'SONIC',1),(217,1,'SONOMA',1),(218,1,'SPACEVAN',1),(219,1,'SS10',1),(220,1,'SUBURBAN',1),(221,1,'SYCLONE',1),(222,1,'TIGRA',1),(223,1,'TRACKER',1),(224,1,'TRAFIC',1),(225,1,'VECTRA',1),(226,1,'VERANEIO',1),(227,1,'ZAFIRA',1),(228,64,'HOVER',1),(229,16,'BR-800',1),(230,16,'CARAJAS',1),(231,16,'TOCANTINS',1),(232,16,'XAVANTE',1),(233,16,'VIP',1),(234,65,'TOWNER',1),(235,7,'ACCORD',1),(236,7,'CITY',1),(237,7,'CIVIC',1),(238,7,'CR-V',1),(239,7,'FIT',1),(240,7,'ODYSSEY',1),(241,7,'PASSPORT',1),(242,7,'PRELUDE',1),(243,13,'ACCENT',1),(244,13,'ATOS',1),(245,13,'AZERA',1),(246,13,'COUPE',1),(247,13,'ELANTRA',1),(248,13,'EXCEL',1),(249,13,'GALLOPER',1),(250,13,'GENESIS',1),(251,13,'H1',1),(252,13,'H100',1),(253,13,'I30',1),(254,13,'IX35',1),(255,13,'MATRIX',1),(256,13,'PORTER',1),(257,13,'SANTA FE',1),(258,13,'SCOUPE',1),(259,13,'SONATA',1),(260,13,'TERRACAN',1),(261,13,'TRAJET',1),(262,13,'TUCSON',1),(263,13,'VELOSTER',1),(264,13,'VERACRUZ',1),(265,71,'DAIMLER',1),(266,71,'S-TYPE',1),(267,71,'X-TYPE',1),(268,14,'J3',1),(269,14,'J5',1),(270,14,'J6',1),(271,71,'MODELOS XJ',1),(272,71,'MODELOS XK',1),(273,71,'MARK V',1),(274,71,'MODELOS XF',1),(275,71,'F-TYPE',1),(276,72,'GRAND CHEROKEE',1),(277,72,'WRANGLER',1),(278,72,'JEEP',1),(279,72,'CJ5',1),(280,72,'CJ3',1),(281,74,'JIPE MONTEZ',1),(282,79,'LAIKA',1),(283,79,'NIVA',1),(284,15,'BESTA',1),(285,15,'BONGO',1),(286,15,'CADENZA',1),(287,15,'CARENS',1),(288,15,'CARNIVAL',1),(289,15,'CERATO',1),(290,15,'CERES',1),(291,15,'CLARUS',1),(292,15,'MAGENTIS',1),(293,15,'MOHAVE',1),(294,15,'OPIRUS',1),(295,15,'OPTIMA',1),(296,15,'PICANTO',1),(297,15,'SEPHIA',1),(298,15,'SHUMA',1),(299,15,'SORENTO',1),(300,15,'SOUL',1),(301,15,'SPORTAGE',1),(302,81,'DEFENDER',1),(303,81,'DISCOVERY',1),(304,81,'FREELANDER',1),(305,11,'GALLARDO',1),(306,11,'MURCIELAGO',1),(307,81,'NEW RANGE',1),(308,81,'RANGE ROVER',1),(309,82,'ES',1),(310,82,'GS',1),(311,82,'IS-300',1),(312,82,'LS',1),(313,82,'RX',1),(314,82,'SC',1),(315,83,'320',1),(316,83,'620',1),(317,83,'X60',1),(318,83,'530',1),(319,84,'AVIATOR',1),(320,87,'SCORPIO',1),(321,87,'XUV 500',1),(322,87,'XYLO',1),(323,87,'BOLERO',1),(324,88,'430',1),(325,88,'COUPE',1),(326,88,'GHIBLI',1),(327,88,'GRANCABRIO',1),(328,88,'GRANSPORT',1),(329,88,'GRANTURISMO',1),(330,88,'QUATTROPORTE',1),(331,88,'SHAMAL',1),(332,88,'SPIDER',1),(333,89,'PICK-UP',1),(334,91,'323',1),(335,91,'626',1),(336,91,'929',1),(337,91,'B-2500',1),(338,91,'B2200',1),(339,91,'MILLENIA',1),(340,91,'MPV',1),(341,91,'MX-3',1),(342,91,'MX-5',1),(343,91,'NAVAJO',1),(344,91,'PROTEGE',1),(345,91,'RX',1),(346,91,'CX-7',1),(347,91,'MX-6',1),(348,93,'MYSTIQUE',1),(349,4,'CLASSE A',1),(350,4,'CLASSE B',1),(351,4,'CLASSE R',1),(352,4,'CLASSE GLK',1),(353,4,'SPRINTER',1),(354,93,'COUGAR',1),(355,94,'3000',1),(356,96,'ONE',1),(357,96,'CABRIO',1),(358,96,'COUPE',1),(359,96,'ROADSTER',1),(360,94,'COLT',1),(361,94,'DIAMANT',1),(362,94,'ECLIPSE',1),(363,94,'EXPO',1),(364,94,'GALANT',1),(365,94,'GRANDIS',1),(366,94,'L200',1),(367,94,'L300',1),(368,94,'LANCER',1),(369,94,'MIRAGE',1),(370,94,'MONTERO',1),(371,94,'OUTLANDER',1),(372,94,'PAJERO',1),(373,94,'SPACE WAGON',1),(374,94,'PAJERO FULL',1),(375,94,'PAJERO DAKAR',1),(376,94,'PAJERO TR4',1),(377,97,'X8',1),(378,38,'350Z',1),(379,38,'ALTIMA',1),(380,38,'AX',1),(381,38,'D-21',1),(382,38,'FRONTIER',1),(383,38,'KING-CAB',1),(384,38,'LIVINA',1),(385,38,'MARCH',1),(386,38,'MAXIMA',1),(387,38,'MURANO',1),(388,38,'NX',1),(389,38,'PATHFINDER',1),(390,38,'PRIMERA',1),(391,38,'QUEST',1),(392,38,'SENTRA',1),(393,38,'STANZA',1),(394,38,'180SX',1),(395,38,'TERRANO',1),(396,38,'TIIDA',1),(397,38,'VERSA',1),(398,38,'X-TRAIL',1),(399,38,'XTERRA',1),(400,38,'ZX',1),(401,21,'106',1),(402,21,'205',1),(403,21,'206',1),(404,21,'207',1),(405,21,'3008',1),(406,21,'306',1),(407,21,'307',1),(408,21,'308',1),(409,21,'405',1),(410,21,'406',1),(411,21,'407',1),(412,21,'408',1),(413,21,'504',1),(414,21,'505',1),(415,21,'508',1),(416,21,'605',1),(417,21,'607',1),(418,21,'806',1),(419,21,'807',1),(420,21,'BOXER',1),(421,21,'HOGGAR',1),(422,21,'PARTNER',1),(423,21,'RCZ',1),(424,106,'FURY',1),(425,106,'SPECIAL',1),(426,60,'TRANS-AM',1),(427,60,'TRANS-SPORT',1),(428,61,'911',1),(429,61,'BOXSTER',1),(430,61,'CAYENNE',1),(431,61,'CAYMAN',1),(432,61,'PANAMERA',1),(433,23,'21 SEDAN',1),(434,23,'CLIO',1),(435,23,'DUSTER',1),(436,23,'EXPRESS',1),(437,23,'FLUENCE',1),(438,23,'KANGOO',1),(439,23,'LAGUNA',1),(440,23,'LOGAN',1),(441,23,'MASTER',1),(442,23,'MEGANE',1),(443,23,'SAFRANE',1),(444,23,'SANDERO',1),(445,23,'SCENIC',1),(446,23,'SYMBOL',1),(447,23,'TRAFIC',1),(448,23,'TWINGO',1),(449,117,'PROFISSIONAL',1),(450,136,'TC',1),(451,113,'COLHEITADEIRA',1),(452,114,'A7',1),(453,114,'A9',1),(454,122,'STARK',1),(455,19,'ACTYON SPORTS',1),(456,20,'CHAIRMAN',1),(457,20,'ISTANA',1),(458,20,'KORANDO',1),(459,20,'KYRON',1),(460,20,'MUSSO',1),(461,20,'REXTON',1),(462,8,'FORESTER',1),(463,8,'IMPREZA',1),(464,8,'LEGACY',1),(465,8,'OUTBACK',1),(466,8,'SVX',1),(467,8,'TRIBECA',1),(468,8,'VIVIO',1),(469,52,'BALENO',1),(470,52,'GRAND VITARA',1),(471,52,'IGNIS',1),(472,52,'JIMNY',1),(473,52,'SUPER CARRY',1),(474,52,'SWIFT',1),(475,52,'SX4',1),(476,52,'VITARA',1),(477,52,'WAGON R',1),(478,123,'SEVETSE',1),(479,22,'AVALON',1),(480,22,'BANDEIRANTE',1),(481,22,'CAMRY',1),(482,22,'CELICA',1),(483,22,'COROLLA',1),(484,22,'CORONA',1),(485,22,'HILUX',1),(486,22,'LAND CRUISER',1),(487,22,'MR-2',1),(488,22,'PASEO',1),(489,22,'PREVIA',1),(490,22,'RAV4',1),(491,22,'SUPRA',1),(492,128,'DEVILLE',1),(493,128,'ELDORADO',1),(494,47,'400 SERIES',1),(495,47,'850',1),(496,47,'900 SERIES',1),(497,2,'AMAROK',1),(498,2,'APOLLO',1),(499,2,'BORA',1),(500,2,'CARAVELLE',1),(501,2,'CORRADO',1),(502,2,'EOS',1),(503,2,'EUROVAN',1),(504,2,'FOX',1),(505,2,'FUSCA',1),(506,2,'GOL',1),(507,2,'GOLF',1),(508,2,'JETTA',1),(509,2,'KOMBI',1),(510,2,'LOGUS',1),(511,2,'PARATI',1),(512,2,'PASSAT',1),(513,2,'POINTER',1),(514,2,'POLO',1),(515,2,'SANTANA',1),(516,2,'SAVEIRO',1),(517,2,'SPACEFOX',1),(518,2,'TIGUAN',1),(519,2,'TOUAREG',1),(520,2,'VOYAGE',1),(521,24,'ZDX',1),(522,3,'140',1),(523,2,'BRASILIA',1),(524,12,'BRASILVAN',1),(525,12,'CORCEL',1),(526,3,'PALIO WEEKEND',1),(527,12,'FOCUS SEDAN',1),(528,12,'FIESTA SEDAN',1),(529,12,'FIESTA TRAIL',1),(530,21,'207 SW',1),(531,12,'ESCORT SW',1),(532,21,'307 SEDAN',1),(533,21,'307 SW',1),(534,5,'C4 PALLAS',1),(535,5,'C4 PICASSO',1),(536,5,'C4 VTR',1),(537,23,'CLIO SEDAN',1),(538,22,'COROLLA FIELDER',1),(539,22,'HILUX SW4',1),(540,23,'MEGANE GRAND TOUR',1),(541,23,'SANDERO STEPWAY',1),(542,5,'XSARA PICASSO',1),(543,114,'A9 CARGO',1),(544,131,'INTERLAGOS',1),(545,16,'X12',1),(546,1,'BEL AIR',1),(547,33,'RX',1),(548,1,'C-14',1),(549,130,'BUGGY',1),(550,1,'C-15',1),(551,1,'BRASIL',1),(552,17,'POLARA',1),(553,3,'600',1),(554,12,'F-01',1),(555,12,'FALCON',1),(556,12,'GALAXIE',1),(557,12,'MAVERICK',1),(558,12,'MODELO A',1),(559,12,'NEW FIESTA',1),(560,69,'LINHA FX',1),(561,107,'GTE',1),(562,68,'H3',1),(563,13,'PRIME',1),(564,13,'TIBURON',1),(565,72,'RENEGADE',1),(566,73,'TOPIC VAN',1),(567,4,'CLASSE CLC',1),(568,4,'CLASSE CLS',1),(569,94,'AIRTREK',1),(570,97,'SPORT',1),(571,97,'MTS',1),(572,97,'SPIDER',1),(573,38,'370Z',1),(574,107,'GT',1),(575,107,'GT4R',1),(576,107,'SPYDER',1),(577,103,'EIGHT',1),(578,23,'7TL',1),(579,23,'19',1),(580,138,'RECORB',1),(581,16,'SUPERMINI',1),(582,2,'TL',1),(583,3,'TOPOLINO',1),(584,22,'SR5',1),(585,22,'VITZ',1),(586,2,'VARIANT',1),(587,51,'CANDANGO',1),(588,2,'SP2',1),(589,2,'POLAUTO',1),(590,23,'GORDINI',1),(591,22,'ETIOS',1),(592,1,'ONIX',1),(593,13,'HB20',1),(594,33,'330',1),(595,33,'520',1),(596,33,'730',1),(597,33,'M1',1),(598,33,'SERIE Z',1),(599,4,'CLASSE SLK',1),(600,4,'CLASSE C',1),(601,4,'CLASSE E',1),(602,4,'CLASSE CL',1),(603,4,'CLASSE CLK',1),(604,4,'CLASSE S',1),(605,4,'CLASSE SL',1),(606,4,'CLASSE SLS',1),(607,4,'CLASSE G',1),(608,4,'CLASSE GL',1),(609,4,'CLASSE M',1),(610,13,'EQUUS',1),(611,11,'350 GT',1),(612,11,'400 GT',1),(613,11,'MIURA',1),(614,11,'ISLERO',1),(615,11,'ESPADA',1),(616,11,'COUNTACH',1),(617,11,'DIABLO',1),(618,11,'ZAGATO',1),(619,11,'ALAR',1),(620,11,'LM002',1),(621,11,'REVENTON',1),(622,11,'ANKONIAN',1),(623,11,'AVENTADOR',1),(624,11,'SESTO ELEMENTO',1),(625,14,'J3 TURIN',1),(626,14,'J2',1),(627,23,'SANDERO GT',1),(628,1,'SPIN',1),(629,1,'TRAILBLAZER',1),(630,5,'C3 PICASSO',1),(631,5,'GRAND C4 PICASSO',1),(632,5,'JUMPER MINIBUS',1),(633,5,'JUMPER VETRATO',1),(634,21,'207 SEDAN',1),(635,21,'207 QUIKSILVER',1),(636,21,'207 ESCAPADE',1),(637,21,'308 CC',1),(638,21,'BOXER PASSAGEIRO',1),(639,12,'NEW FIESTA SEDAN',1),(640,12,'TRANSIT PASSAGEIRO',1),(641,12,'TRANSIT CHASSI',1),(642,30,'A4 AVANT',1),(643,30,'S4 AVANT',1),(644,30,'A5 SPORTBACK',1),(645,30,'A5 CABRIOLET',1),(646,30,'S5 COUPE',1),(647,30,'S5 SPORTBACK',1),(648,30,'S5 CABRIOLET',1),(649,30,'A6 AVANT',1),(650,30,'A6 ALLROAD',1),(651,30,'S6 AVANT',1),(652,30,'S7',1),(653,30,'TT ROADSTER',1),(654,30,'TT RS',1),(655,30,'TT RS ROADSTER',1),(656,30,'TTS ROADSTER',1),(657,30,'R8 SPYDER',1),(658,30,'R8 GT',1),(659,30,'R8 GT SPYDER',1),(660,9,'F12',1),(661,9,'458 SPIDER',1),(662,9,'458 ITALIA',1),(663,9,'FF',1),(664,9,'599',1),(665,9,'SA',1),(666,9,'CHALLENGE',1),(667,9,'SUPERAMERICA',1),(668,9,'F430 SPIDER',1),(669,9,'430',1),(670,9,'612 SESSANTA',1),(671,9,'599 GTB',1),(672,9,'SCUDERIA SPIDER',1),(673,9,'512',1),(674,9,'456 GT',1),(675,9,'348 GTS',1),(676,9,'348 SPIDER',1),(677,9,'F355',1),(678,9,'F355 SPIDER',1),(679,9,'F50',1),(680,9,'355 SPIDER',1),(681,9,'360 MODENA',1),(682,94,'LANCER SPORTBACK',1),(683,94,'LANCER EVOLUTION',1),(684,94,'L200 TRITON SAVANA',1),(685,94,'L200 TRITON',1),(686,94,'PAJERO FULL 3D',1),(687,94,'PAJERO SPORT',1),(688,95,'550',1),(689,38,'LIVINA X-GEAR',1),(690,38,'GRAND LIVINA',1),(691,20,'NEW ACTYON SPORTS',1),(692,22,'PRIUS',1),(693,97,'KABRIO',1),(694,97,'SAGA',1),(695,97,'SAGA II',1),(696,97,'787',1),(697,97,'X11',1),(698,98,'AUSTIN',1),(699,103,'TORONADO',1),(700,103,'SIX',1),(701,17,'NITRO',1),(702,17,'CHALLENGER',1),(703,17,'DART',1),(704,17,'LE BARON',1),(705,17,'CORDOBA',1),(706,17,'CHARGER',1),(707,18,'WINDSOR',1),(708,18,'CROSSFIRE',1),(709,18,'CORDOBA',1),(710,131,'PICKUP F75',1),(711,36,'RIVIERA',1),(712,36,'COUPE',1),(713,36,'CENTURY',1),(714,36,'APOLLO',1),(715,36,'CENTURION',1),(716,36,'EIGHT',1),(717,36,'ELECTRA',1),(718,36,'ESTATE WAGON',1),(719,36,'GRAN SPORT',1),(720,36,'GSX',1),(721,36,'INVICTA',1),(722,36,'LESABRE',1),(723,36,'LIMITED',1),(724,36,'PARK AVENUE',1),(725,36,'RAINIER',1),(726,36,'REATTA',1),(727,36,'REGAL',1),(728,36,'RENDEZVOUS',1),(729,36,'ROADMASTER',1),(730,36,'ROYAUM',1),(731,36,'SKYHAWK',1),(732,36,'SKYLARK',1),(733,36,'SOMERSET',1),(734,36,'SPECIAL',1),(735,36,'SPORT WAGON',1),(736,36,'SUPER',1),(737,36,'TERRAZA',1),(738,36,'WILDCAT',1),(739,36,'LACROSSE',1),(740,36,'ENCLAVE',1),(741,36,'GL8',1),(742,36,'HRV',1),(743,36,'LUCERNE',1),(744,12,'SIERRA',1),(745,45,'BROUGHAM',1),(746,45,'CHAIRMAN',1),(747,45,'DAMAS',1),(748,45,'GENTRA',1),(749,45,'MAEPSY',1),(750,45,'ISTANA',1),(751,45,'KALOS',1),(752,45,'KORANDO',1),(753,45,'LACETTI',1),(754,45,'LEMANS',1),(755,45,'MATIZ',1),(756,45,'MUSSO',1),(757,45,'NEXIA',1),(758,45,'REZZO',1),(759,45,'ROYALE PRINCE',1),(760,45,'ROYALE SALON',1),(761,45,'STATESMAN',1),(762,45,'TOSCA',1),(763,45,'WINSTORM',1),(764,131,'JEEP CJ',1),(765,17,'D100',1),(766,4,'170',1),(767,17,'CUSTOM ROYAL',1),(768,1,'CLUB COUPE',1),(769,17,'MAGNUM',1),(770,1,'GMC 100',1),(771,60,'SOLSTICE',1),(772,133,'SL-2',1),(773,71,'MARK VII',1),(774,107,'GTI',1),(775,123,'LUCENA',1),(776,3,'BALILLA',1),(777,135,'CONVERS?VEL',1),(778,16,'X15',1),(779,12,'F-85',1),(780,61,'SPEEDSTER 356',1),(781,74,'PICAPE MONTEZ',1),(782,75,'M715',1),(783,4,'300D',1),(784,4,'CLASSE TE',1),(785,22,'T-100',1),(786,23,'MEGANE SEDAN',1),(787,30,'A4 CABRIOLET',1),(788,69,'LINHA G',1),(789,69,'LINHA G COUPE',1),(790,69,'LINHA G CONVERSIVEL',1),(791,69,'LINHA M',1),(792,69,'LINHA EX',1),(793,69,'LINHA JX',1),(794,69,'LINHA QX',1),(795,71,'MARK VIII',1),(796,71,'MARK IX',1),(797,71,'MARK X',1),(798,71,'E-TYPE',1),(799,71,'C-TYPE',1),(800,71,'D-TYPE',1),(801,71,'MARK I',1),(802,71,'MARK II',1),(803,72,'CHEROKEE',1),(804,72,'COMMANDER',1),(805,72,'COMPASS',1),(806,107,'AM1',1),(807,107,'AM2',1),(808,107,'AM3',1),(809,107,'AM4',1),(810,107,'AMV',1),(811,112,'CORDOBA',1),(812,112,'IBIZA',1),(813,112,'INCA',1),(814,7,'ACTY',1),(815,7,'AIRWAVE',1),(816,7,'ASCOT',1),(817,7,'BALLADE',1),(818,7,'BEAT',1),(819,7,'CR-X',1),(820,7,'CONCERTO',1),(821,7,'CR-Z',1),(822,7,'DOMANI',1),(823,7,'EDIX',1),(824,7,'ELEMENT',1),(825,7,'EV PLUS',1),(826,7,'FCX',1),(827,7,'FR-V',1),(828,7,'HR-V',1),(829,7,'HSC',1),(830,7,'INSIGHT',1),(831,24,'TL',1),(832,7,'LIFE DUNK',1),(833,7,'LOGO',1),(834,7,'MOBILIO',1),(835,24,'MDX',1),(836,7,'ORTHIA',1),(837,7,'PARTNER VAN',1),(838,7,'PILOT',1),(839,7,'RIDGELINE',1),(840,7,'S2000',1),(841,7,'S600',1),(842,7,'S500',1),(843,7,'S800',1),(844,7,'STEPWGN',1),(845,7,'STREAM',1),(846,7,'THATS',1),(847,7,'VAMOZ',1),(848,7,'Z',1),(849,7,'ZEST',1),(850,52,'AERIO',1),(851,52,'ALTO',1),(852,52,'APV',1),(853,52,'KEI',1),(854,52,'LAPIN',1),(855,52,'MR WAGON',1),(856,52,'XL-7',1),(857,52,'VERONA',1),(858,21,'306 CABRIOLET',1),(859,51,'BELCAR',1),(860,79,'SAMARA',1),(861,21,'407 SW',1),(862,21,'307 CC',1),(863,1,'STYLELINE',1),(864,12,'ANGLIA',1),(865,25,'GT2',1),(866,1,'YUKON',1),(867,48,'SPORTSMAN',1),(868,23,'21 NEVADA',1),(869,10,'VEYRON',1),(870,9,'ENZO',1),(871,21,'306 SW',1),(872,27,'TI 80',1),(873,61,'SPYDER 550',1),(874,9,'380 GTB',1),(875,128,'SEVILLE',1),(876,17,'KINGSWAY',1),(877,1,'SSR',1),(878,1,'IMPALA',1),(879,21,'208',1),(880,1,'GRAND BLAZER',1),(881,47,'100 SERIES',1),(882,47,'200 SERIES',1),(883,47,'300 SERIES',1),(884,47,'66',1),(885,47,'700 SERIES',1),(886,47,'AMAZON',1),(887,47,'C303',1),(888,47,'DUETT',1),(889,47,'L3314',1),(890,47,'OV 4',1),(891,47,'P1800',1),(892,47,'SUGGA',1),(893,12,'TT',1),(894,5,'ONCE',1),(895,12,'DE LUXE',1),(896,12,'CUSTOM',1),(897,12,'T-BUCKET',1),(898,16,'G15',1),(899,95,'MG6',1),(900,96,'COOPER',1),(901,33,'120 CABRIO',1),(902,33,'320 TOURING',1),(903,33,'330 CABRIO',1),(904,33,'SERIE 5 TOURING',1),(905,33,'SERIE 6 CABRIO',1),(906,33,'SERIE M CONVERSIVEL',1),(907,33,'M5 TOURING',1),(908,33,'SERIE Z ROADSTER',1),(909,12,'KA SPORT',1),(910,2,'CC',1),(911,15,'CERATO KOUP',1),(912,1,'ASTRO',1),(913,22,'COROLLA XRS',1),(914,22,'ETIOS SEDAN',1),(915,12,'FREESTYLE',1),(916,94,'ASX',1),(917,87,'THAR',1),(918,87,'AXE',1),(919,87,'LEGEND',1),(920,87,'ARMADA',1),(921,87,'CHASSI',1),(922,87,'SCORPIO PICK-UP',1),(923,73,'TOPIC FURGAO',1),(924,88,'222',1),(925,88,'228',1),(926,88,'3200',1),(927,6,'STAR TRUCK',1),(928,6,'STAR',1),(929,6,'STAR VAN CARGO',1),(930,6,'STAR VAN PASSAGEIROS',1),(931,117,'VEDETTE',1),(932,117,'ARONDE',1),(933,117,'1200S',1),(934,117,'1000',1),(935,118,'FORTWO',1),(936,118,'FORTWO CABRIO',1),(937,121,'CHAMPION',1),(938,13,'HB20X',1),(939,13,'HB20S',1),(940,1,'MONZA',1),(941,1,'CHEVETTE',1),(942,84,'BLACKWOOD',1),(943,1,'TRAX',1),(944,33,'118',1),(945,33,'120',1),(946,33,'130',1),(947,33,'BAVARIA',1),(948,33,'C-2800',1),(949,33,'318',1),(950,33,'320',1),(951,33,'318 CABRIO',1),(952,33,'325 CABRIO',1),(953,33,'530',1),(954,33,'540',1),(955,33,'550',1),(956,33,'740',1),(957,33,'750',1),(958,33,'760',1),(959,146,'MP4',1),(960,114,'T20',1),(961,114,'T20 BAU',1),(962,114,'T22',1),(963,115,'9000',1),(964,117,'ALVORADA',1),(965,117,'CHAMBORD',1),(966,56,'SUPER 90 COUPE',1),(967,16,'X20',1),(968,16,'ITAIPU',1),(969,16,'G800',1),(970,16,'XEF',1),(971,16,'MOTOMACHINE',1),(972,16,'BUGATO',1),(973,16,'QT',1),(974,51,'CAICARA',1),(975,51,'CARCARA',1),(976,51,'FISSORE',1),(977,51,'MALZONI',1),(978,51,'VEMAGUET',1),(979,5,'C4 LOUNGE',1),(980,93,'SABLE',1),(981,123,'RAGGE',1),(982,125,'PANTANAL',1),(983,125,'T-4',1),(984,125,'T-5',1),(985,47,'C70',1),(986,47,'C30',1),(987,47,'544',1),(988,47,'S40',1),(989,47,'S60',1),(990,47,'S70',1),(991,47,'S80',1),(992,47,'V40',1),(993,47,'V50',1),(994,47,'V60',1),(995,47,'V70',1),(996,47,'S90',1),(997,47,'XC60',1),(998,47,'XC70',1),(999,47,'XC90',1),(1000,47,'P1900',1),(1001,47,'PV36',1),(1002,47,'PV444',1),(1003,47,'PV544',1),(1004,47,'PV51',1),(1005,47,'PV654',1),(1006,47,'C50',1),(1007,4,'190',1),(1008,4,'CLASSE CLA',1),(1009,4,'CLASSE V',1),(1010,4,'VANEO',1),(1011,4,'CITAN',1),(1012,4,'VARIO',1),(1013,4,'CLASSE S CLASSICO',1),(1014,14,'J3S',1),(1015,146,'F1',1),(1016,147,'GC2',1),(1017,5,'C3 SOLARIS',1),(1018,5,'C3 XTR',1),(1019,5,'C4 SOLARIS',1),(1020,5,'C5 BREAK/TOURER',1),(1021,5,'XSARA BREAK',1),(1022,5,'XSARA VTS',1),(1023,5,'XANTIA BREAK',1),(1024,5,'XM BREAK',1),(1025,5,'C15',1),(1026,5,'NEMO',1),(1027,5,'VISA',1),(1028,5,'C1',1),(1029,5,'C2',1),(1030,5,'C3 PLURIEL',1),(1031,5,'DS4',1),(1032,5,'DS5',1),(1033,5,'JUMPY',1),(1034,5,'C-CROSSER',1),(1035,5,'C35',1),(1036,5,'C25',1),(1037,5,'CX',1),(1038,5,'CX BREAK',1),(1039,5,'AXEL',1),(1040,5,'DYANE',1),(1041,5,'GS/GSA',1),(1042,5,'GS/GSA BREAK',1),(1043,5,'MEHARI',1),(1044,5,'SAXO',1),(1045,5,'SM',1),(1046,5,'ELYSEE',1),(1047,23,'MASTER MINIBUS',1),(1048,41,'CELER',1),(1049,41,'CELER SEDAN',1),(1050,41,'CIELO SEDAN',1),(1051,30,'A1 SPORTBACK',1),(1052,30,'A1 QUATTRO',1),(1053,30,'A3 SPORTBACK',1),(1054,30,'RS4 AVANT',1),(1055,30,'A8L W12',1),(1056,30,'R8 V10',1),(1057,12,'RANGER CD',1),(1058,14,'T140',1),(1059,33,'X1',1),(1060,33,'X3',1),(1061,33,'X5',1),(1062,33,'X6',1),(1063,33,'840',1),(1064,33,'850',1),(1065,33,'645',1),(1066,33,'650',1),(1067,7,'FIT TWIST',1),(1068,147,'EC7',1),(1069,12,'MONDEO SW',1),(1070,12,'ESCORT SEDAN',1),(1071,12,'ESCORT CONVERSIVEL',1),(1072,93,'MONTEREY',1),(1073,1,'CORISCO',1),(1074,1,'CHEVELLE',1),(1075,12,'EXCURSION',1),(1076,2,'TOURAN',1),(1077,12,'F-10000',1),(1078,21,'HOGGAR ESCAPADE',1),(1079,12,'PHAETON',1),(1080,2,'TRANSPORTER',1),(1081,15,'GRAND BESTA',1),(1082,38,'200SX',1),(1083,38,'240SX',1),(1084,18,'300M',1),(1085,18,'300C TOURING',1),(1086,12,'TORINO',1),(1087,1,'VENTURE',1),(1088,1,'FLEETLINE',1),(1089,1,'FLEETMASTER',1),(1090,1,'DELUXE',1),(1091,12,'ESCORT XR3',1),(1092,1,'MASTER',1),(1093,103,'DELUXE',1),(1094,103,'SERIES 60',1),(1095,103,'SERIES 70',1),(1096,103,'SERIES 80',1),(1097,103,'SERIES 90',1),(1098,103,'STARFIRE',1),(1099,103,'442',1),(1100,103,'CUTLASS',1),(1101,103,'CUTLASS SUPREME',1),(1102,103,'CUTLASS SALON',1),(1103,103,'CUTLASS CALAIS',1),(1104,103,'CUTLASS CIERA',1),(1105,103,'CUSTOM CRUISER',1),(1106,103,'VISTA CRUISER',1),(1107,103,'F-85',1),(1108,103,'FIRENZA',1),(1109,103,'ACHIEVA',1),(1110,103,'ALERO',1),(1111,103,'AURORA',1),(1112,103,'BRAVADA',1),(1113,103,'INTRIGUE',1),(1114,103,'SILHOUETTE',1),(1115,105,'ZONDA',1),(1116,106,'GRAN VOYAGER',1),(1117,106,'SUNDANCE',1),(1118,106,'PROWLER',1),(1119,106,'TRAIL DUSTER',1),(1120,106,'VOYAGER',1),(1121,106,'SCAMP',1),(1122,106,'ARROW',1),(1123,106,'PT50',1),(1124,106,'PT57',1),(1125,106,'PT81',1),(1126,106,'PT105',1),(1127,106,'PT125',1),(1128,106,'EXPRESS',1),(1129,106,'VOYAGER EXPRESSO',1),(1130,106,'NEON',1),(1131,106,'LASER',1),(1132,106,'CARAVELLE',1),(1133,106,'STATION WAGON',1),(1134,106,'MODEL Q',1),(1135,106,'MODEL P6',1),(1136,107,'GTS',1),(1137,107,'GTB',1),(1138,107,'GTC',1),(1139,29,'DB9 COUPE',1),(1140,29,'DB9 VOLANTE',1),(1141,29,'VIRAGE COUPE',1),(1142,29,'RAPIDE S',1),(1143,29,'V12 VANTAGE',1),(1144,29,'V8 VANTAGE COUPE',1),(1145,29,'V8 VANTAGE ROADSTER',1),(1146,29,'V8 VANTAGE S COUPE',1),(1147,29,'V8 VANTAGE S ROADSTER',1),(1148,29,'VANQUISH COUPE',1),(1149,29,'VANQUISH VOLANTE',1),(1150,29,'V12 ZAGATO',1),(1151,29,'DB5',1),(1152,29,'DBS',1),(1153,29,'DBS VOLANTE',1),(1154,29,'CYGNET',1),(1155,29,'ONE-77',1),(1156,29,'DBR9',1),(1157,33,'M3',1),(1158,33,'M5',1),(1159,33,'M6',1),(1160,33,'X6 M',1),(1161,96,'COUNTRYMAN',1),(1162,96,'PACEMAN',1),(1163,96,'JOHN COOPER WORKS',1),(1164,97,'BG-TRUCK',1),(1165,97,'TOPSPORT',1),(1166,97,'TARGA',1),(1167,106,'SUPERBIRD',1),(1168,8,'NEW XV',1),(1169,8,'IMPREZA WRX HATCH',1),(1170,8,'IMPREZA WRX STI HATCH',1),(1171,8,'IMPREZA WRX STI SEDAN',1),(1172,8,'IMPREZA WRX SEDAN',1),(1173,22,'ETIOS CROSS',1),(1174,11,'HURACAN',1),(1175,2,'UP',1),(1176,140,'MINX',1),(1177,123,'TR',1),(1178,25,'GT',1),(1179,25,'GTL',1),(1180,25,'GTM',1),(1181,25,'C2',1),(1182,25,'CRX',1),(1183,25,'AC 2000',1),(1184,84,'CONTINENTAL',1),(1185,84,'LS',1),(1186,84,'MARK',1),(1187,84,'MARK LT',1),(1188,84,'MKR',1),(1189,84,'MKS',1),(1190,84,'MKX',1),(1191,84,'MKZ',1),(1192,84,'NAVIGATOR',1),(1193,84,'PREMIERE',1),(1194,84,'TOWN CAR',1),(1195,84,'VERSAILLES',1),(1196,84,'ZEPHYR',1),(1197,85,'H1',1),(1198,86,'ELAN',1),(1199,86,'ESPRIT',1),(1200,1,'CLASSIC',1),(1201,20,'ACTYON',1),(1202,1,'MARAJO',1),(1203,1,'SUPREMA',1),(1204,2,'NEW BEETLE',1),(1205,2,'QUANTUM',1),(1206,2,'CROSSFOX',1),(1207,3,'MILLE',1),(1208,84,'CAPRI',1),(1209,3,'MOBI',1),(1210,3,'TORO',1),(1211,73,'TOPIC ESCOLAR',1),(1212,23,'DUSTER OROCH',1),(1213,23,'SANDERO RS',1),(1214,13,'HB20R',1),(1215,13,'GRAND SANTA FE',1),(1216,2,'GOLF VARIANT',1),(1217,2,'SPACE CROSS',1),(1218,21,'2008',1),(1219,15,'QUORIS',1),(1220,15,'GRAND CARNIVAL',1),(1221,14,'T8',1),(1222,14,'T6',1),(1223,14,'T5',1),(1224,12,'KA SEDAN',1),(1225,12,'FOCUS FASTBACK',1),(1226,148,'BIZ',1),(1227,148,'CB 300R',1),(1228,148,'CB 400',1),(1229,148,'CB 500',1),(1230,148,'CB 600 HORNET',1),(1231,148,'CBR 1000F',1),(1232,148,'FIREBLADE CBR',1),(1233,148,'CBR 450',1),(1234,148,'CBR 600',1),(1235,148,'TWISTER CBX 250',1),(1236,148,'CBX 750F',1),(1237,148,'CG FAN',1),(1238,148,'CG TITAN',1),(1239,148,'AMERICA',1),(1240,148,'CB 1000R',1),(1241,148,'CB 1300',1),(1242,148,'SUPERBLACKBIRD CBR 1100XX',1),(1243,148,'CBR 250',1),(1244,148,'AERO CBX 150',1),(1245,148,'STRADA CBX 200',1),(1246,148,'CH 125R',1),(1247,148,'CR 85',1),(1248,148,'GL GOLD WING',1),(1249,148,'LEAD',1),(1250,148,'MAGNA VF 750C',1),(1251,148,'NX 200/250',1),(1252,148,'NX 350 SAHARA',1),(1253,148,'NX 400 FALCON',1),(1254,148,'NXR BROS',1),(1255,148,'POP 100',1),(1256,148,'SUPER HAWK',1),(1257,148,'TRX',1),(1258,148,'VALKYRIE',1),(1259,148,'VFR 1200',1),(1260,148,'VTX',1),(1261,148,'VARADERO XL 1000V',1),(1262,148,'XL',1),(1263,148,'XL 700V TRANSALP',1),(1264,148,'XLR',1),(1265,148,'XLX',1),(1266,148,'VLR 350',1),(1267,148,'XR',1),(1268,148,'TORNADO XR 250',1),(1269,148,'XRE 300',1),(1270,148,'SHADOW',1),(1271,148,'DREAM',1),(1272,148,'HERO',1),(1273,148,'NC 700X',1),(1274,148,'CRF 110/150',1),(1275,148,'FURY',1),(1276,148,'STUNNER',1),(1277,148,'CB 50',1),(1278,148,'BOLDOR CB 900',1),(1279,148,'CBF 600',1),(1280,148,'CBR 400RR',1),(1281,148,'CBX 1000',1),(1282,148,'CD 125',1),(1283,148,'ML 125',1),(1284,148,'NSR 500',1),(1285,148,'RC',1),(1286,148,'PAN-EUROPEAN ST',1),(1287,148,'TURUNA 125',1),(1288,148,'VTR',1),(1289,148,'AFRICA TWIN XRV 750',1),(1290,148,'CG CARGO/JOB',1),(1291,148,'PC 50',1),(1292,148,'CG 125',1),(1293,148,'PACIFIC COAST',1),(1294,148,'CG TODAY',1),(1295,148,'CB 125',1),(1296,148,'DUTY',1),(1297,148,'PCX',1),(1298,148,'CRF 230/250',1),(1299,148,'CRF 450',1),(1300,148,'NX 650 DOMINATOR',1),(1301,148,'CR 250',1),(1302,148,'CR 125',1),(1303,246,'BUXY',1),(1304,246,'ELYSEO',1),(1305,246,'SCOOTELEC',1),(1306,246,'SPEEDAKE',1),(1307,246,'SPEEDFIGHT',1),(1308,246,'SQUAB',1),(1309,246,'TREKKER',1),(1310,246,'VIVACITY',1),(1311,246,'ZENITH',1),(1312,149,'ELEFANTRE',1),(1313,149,'CITY',1),(1314,149,'DAKAR',1),(1315,149,'ELEFANT',1),(1316,149,'FORCE',1),(1317,149,'JUNIOR',1),(1318,149,'SST',1),(1319,149,'SUPER CITY',1),(1320,149,'SXT',1),(1321,149,'TCHAU',1),(1322,149,'EXPLORER',1),(1323,150,'G650GS',1),(1324,150,'S1000RR',1),(1325,150,'AIRHEAD',1),(1326,150,'C1',1),(1327,150,'F650GS',1),(1328,150,'F650CS',1),(1329,150,'F800GS',1),(1330,150,'K75',1),(1331,150,'K100',1),(1332,150,'K1200R',1),(1333,150,'K1300R',1),(1334,150,'K1200GT',1),(1335,150,'K1300GT',1),(1336,150,'K1200GS',1),(1337,150,'K1200S',1),(1338,150,'R32',1),(1339,150,'R51/3',1),(1340,150,'R27',1),(1341,150,'R60',1),(1342,150,'R75',1),(1343,150,'R75/5',1),(1344,150,'R90S',1),(1345,150,'R1200C',1),(1346,150,'R1150GS',1),(1347,150,'R1200RT',1),(1348,151,'V-STROM DL',1),(1349,151,'GSX',1),(1350,151,'GSX-R GIXXER/SRAD',1),(1351,151,'ADDRESS',1),(1352,151,'BANDIT 250',1),(1353,151,'BOULEVARD',1),(1354,151,'BURGMAN AN',1),(1355,151,'DR',1),(1356,151,'FREEWIND 650',1),(1357,151,'GS 500',1),(1358,151,'GSR',1),(1359,151,'INTRUDER',1),(1360,151,'KATANA',1),(1361,151,'LETS II',1),(1362,151,'LT',1),(1363,151,'MARAUDER GZ',1),(1364,151,'RF',1),(1365,151,'RM 250',1),(1366,151,'SAVAGE',1),(1367,151,'TL',1),(1368,151,'VX 800',1),(1369,151,'YES EN 125',1),(1370,151,'B-KING GSX 1300',1),(1371,151,'BANDIT 400',1),(1372,151,'BANDIT 600',1),(1373,151,'BANDIT GSF 750',1),(1374,151,'BANDIT 1200',1),(1375,151,'HAYABUSA',1),(1376,151,'INTRUDER CUSTOM',1),(1377,151,'RV',1),(1378,151,'SV',1),(1379,151,'MARAUDER VZ',1),(1380,151,'GT',1),(1381,151,'GSI',1),(1382,151,'JOB',1),(1383,151,'AE 50',1),(1384,152,'CARGO',1),(1385,152,'COOL STAR 125',1),(1386,152,'X3',1),(1387,152,'JOJO 110',1),(1388,152,'CC125',1),(1389,152,'CC150',1),(1390,152,'KP150F',1),(1391,152,'LF100',1),(1392,152,'PK125',1),(1393,152,'POWER KING',1),(1394,152,'CROSS',1),(1395,152,'GLOW 110S',1),(1396,152,'KP150',1),(1397,152,'POWER MAN 250',1),(1398,152,'HIKER',1),(1399,152,'IV',1),(1400,152,'STEED 250',1),(1401,152,'TRAVELLER',1),(1402,152,'TB125',1),(1403,152,'PK110F',1),(1404,152,'LF125',1),(1405,152,'LF125',1),(1406,153,'RODEO',1),(1407,153,'DURO',1),(1408,154,'RACING 200',1),(1409,154,'PHOENIX 50',1),(1410,154,'INDIANAPOLIS 200',1),(1411,154,'F35/F40',1),(1412,154,'X2 250',1),(1413,154,'MAX 150',1),(1414,154,'NEW WAVE 125',1),(1415,154,'EXPLORER 150',1),(1416,154,'XY 250',1),(1417,154,'JET 50',1),(1418,154,'RETRO 50',1),(1419,154,'NEW 50',1),(1420,154,'EAGLE 50',1),(1421,154,'SUPER SMART 50',1),(1422,154,'NEW 200',1),(1423,154,'CARGO 200',1),(1424,154,'BRAVO 200',1),(1425,154,'STRONG 250',1),(1426,154,'FUTURE 150',1),(1427,154,'VENICE 50',1),(1428,154,'LIBERTY 50',1),(1429,154,'BIKE 50',1),(1430,154,'JET 125',1),(1431,154,'CUSTOM 250',1),(1432,154,'DISCOVER 250',1),(1433,155,'CRZ',1),(1434,155,'COMET GT 650',1),(1435,155,'COMET GT-R 650',1),(1436,155,'CRUISE',1),(1437,155,'ERO',1),(1438,155,'FLASH',1),(1439,155,'FURIA',1),(1440,155,'GF',1),(1441,155,'MAGIK',1),(1442,155,'MIDAS',1),(1443,155,'MIRAGE',1),(1444,155,'MOTOKAR',1),(1445,155,'PRIMA',1),(1446,155,'RX',1),(1447,155,'SETA',1),(1448,155,'SOFT',1),(1449,155,'SUPER CAB',1),(1450,155,'TN',1),(1451,155,'WAY',1),(1452,155,'WIN',1),(1453,155,'COMET GT 250',1),(1454,155,'COMET GT-R 250',1),(1455,156,'CRYPTON T115',1),(1456,156,'DT 200',1),(1457,156,'FAZER YS250',1),(1458,156,'FACTOR YBR125',1),(1459,156,'YZF R1',1),(1460,156,'VIRAGO 250',1),(1461,156,'AXIS',1),(1462,156,'BWS',1),(1463,156,'JOG',1),(1464,156,'MAJESTY',1),(1465,156,'MT-03',1),(1466,156,'NEO AT',1),(1467,156,'RD 135',1),(1468,156,'ROYAL STAR',1),(1469,156,'TDM',1),(1470,156,'TDR 180',1),(1471,156,'TRX',1),(1472,156,'TT-R',1),(1473,156,'V-MAX 1200',1),(1474,156,'WR 250F',1),(1475,156,'XJR',1),(1476,156,'XT 660R',1),(1477,156,'XTZ 125',1),(1478,156,'MIDNIGHT STAR XVS',1),(1479,156,'YFS',1),(1480,156,'RX',1),(1481,156,'DRAG STAR',1),(1482,156,'XJ6',1),(1483,156,'LANDER XTZ 250',1),(1484,156,'ALBA',1),(1485,156,'FROG',1),(1486,156,'LIBERO',1),(1487,156,'GLADIATOR',1),(1488,156,'MEST',1),(1489,156,'ECCY',1),(1490,156,'PASSOL',1),(1491,156,'EC-02',1),(1492,156,'YZ 85LW',1),(1493,156,'V-STAR',1),(1494,156,'PAS',1),(1495,156,'AEROX',1),(1496,156,'MORPHOUS',1),(1497,156,'XF50X',1),(1498,156,'LAGEND',1),(1499,156,'TZR',1),(1500,156,'QT50',1),(1501,156,'FS1',1),(1502,156,'FZR1000',1),(1503,156,'XS400',1),(1504,156,'RD 350 VIUVA NEGRA',1),(1505,156,'XTZ 250 TENERE',1),(1506,156,'XT 225',1),(1507,156,'XT 660Z TENERE',1),(1508,156,'XT 1200Z SUPER TENERE',1),(1509,156,'FAZER FZ6',1),(1510,156,'FAZER YS150',1),(1511,156,'FAZER FZ1',1),(1512,156,'YZF 600R',1),(1513,156,'YZF R6',1),(1514,156,'TMAX',1),(1515,156,'YFM 700R',1),(1516,156,'GRIZZLY',1),(1517,156,'RD 50',1),(1518,156,'DT 50',1),(1519,156,'MT-01',1),(1520,156,'FZ-09',1),(1521,156,'MT-07',1),(1522,156,'FZR600',1),(1523,156,'FZR400',1),(1524,156,'FZR250',1),(1525,156,'XS500',1),(1526,156,'XS650',1),(1527,156,'XS750',1),(1528,156,'XS850',1),(1529,156,'XS1100',1),(1530,156,'SR500',1),(1531,156,'SRX 400',1),(1532,156,'SRX 600',1),(1533,156,'V-MAX 1680',1),(1534,156,'FJR1300',1),(1535,156,'XTZ 750 SUPER TENERE',1),(1536,156,'XT 600',1),(1537,156,'VIRAGO 400',1),(1538,156,'VIRAGO 535',1),(1539,156,'VIRAGO 750',1),(1540,156,'VIRAGO 1400',1),(1541,156,'XZ 550',1),(1542,156,'YZR 500',1),(1543,156,'WR 450F',1),(1544,156,'TZ 250',1),(1545,156,'YZ 125',1),(1546,156,'YZ 250',1),(1547,156,'YZ 450',1),(1548,156,'TX500',1),(1549,156,'XR 180',1),(1550,156,'TT 125',1),(1551,157,'GR 500',1),(1552,157,'GRI 50',1),(1553,157,'GR08T4',1),(1554,157,'GR 125S/ST',1),(1555,157,'GR125T3',1),(1556,157,'GR125U',1),(1557,157,'GR 125Z',1),(1558,157,'GR 150P/PI',1),(1559,157,'GR150ST',1),(1560,157,'GR150T3',1),(1561,157,'GR150TI',1),(1562,157,'GR150U',1),(1563,157,'GR250T3',1),(1564,158,'FUTURE',1),(1565,158,'AKROS',1),(1566,158,'ERGON',1),(1567,158,'FIFTY',1),(1568,158,'HUNTER',1),(1569,158,'MAX',1),(1570,158,'PALIO',1),(1571,158,'PGO',1),(1572,158,'STX',1),(1573,158,'STX MOTARD',1),(1574,158,'SUPER FIFTY',1),(1575,158,'VBLADE',1),(1576,158,'WEB',1),(1577,158,'WEB EVO',1),(1578,245,'ADVENTURER',1),(1579,245,'BONNEVILLE',1),(1580,245,'DAYTONA',1),(1581,245,'LEGEND',1),(1582,245,'ROCKET',1),(1583,245,'SCRAMBLER',1),(1584,245,'SPEED TRIPLE',1),(1585,245,'SPRINT',1),(1586,245,'STREET TRIPLE',1),(1587,245,'THRUXTON',1),(1588,245,'THUNDERBIRD',1),(1589,245,'TIGER',1),(1590,245,'TRIDENT',1),(1591,245,'TROPHY',1),(1592,245,'TT-600',1),(1593,159,'AVAJET',1),(1594,159,'CONCOURS',1),(1595,159,'D-TRACKER',1),(1596,159,'ER-6N',1),(1597,159,'KLX 110/140',1),(1598,159,'KX 100/125',1),(1599,159,'KZ',1),(1600,159,'MAXI',1),(1601,159,'NINJA 250',1),(1602,159,'VERSYS',1),(1603,159,'VOYAGER',1),(1604,159,'VULCAN',1),(1605,159,'ZZR',1),(1606,159,'BAIO',1),(1607,159,'KDX',1),(1608,159,'ELIMINATOR',1),(1609,159,'GTR',1),(1610,159,'KLE',1),(1611,159,'KLR',1),(1612,159,'SUPER SHERPA',1),(1613,159,'ZRX',1),(1614,159,'ZR',1),(1615,159,'NINJA 1400',1),(1616,159,'NINJA 1000',1),(1617,159,'NINJA 600',1),(1618,159,'NINJA 300',1),(1619,159,'NINJA 1100',1),(1620,159,'NINJA 900',1),(1621,159,'NINJA 700',1),(1622,159,'NINJA 1200',1),(1623,159,'Z1000',1),(1624,159,'Z750',1),(1625,159,'Z800',1),(1626,159,'VERSYS CITY',1),(1627,159,'VERSYS GRAND TOURER',1),(1628,159,'VERSYS TOURER',1),(1629,159,'VERSYS 1000',1),(1630,159,'KX 450/500',1),(1631,159,'KX 250',1),(1632,159,'KX 65/85',1),(1633,159,'KLX 400/450',1),(1634,159,'KLX 250/300',1),(1635,159,'ER-5',1),(1636,160,'RZR 570',1),(1637,160,'RZR 800',1),(1638,160,'RZR 800 XC',1),(1639,160,'RZR S 800',1),(1640,160,'RZR 900',1),(1641,160,'RZR XP 1000',1),(1642,160,'RZR 4 800',1),(1643,160,'RZR 4 900',1),(1644,160,'RZR 4 1000',1),(1645,160,'RANGER 6X6',1),(1646,160,'RANGER 800',1),(1647,160,'RANGER DIESEL',1),(1648,160,'RANGER XP 900',1),(1649,160,'RANGER 400',1),(1650,160,'RANGER 570',1),(1651,160,'RANGER 800 MIDSIZE',1),(1652,160,'RANGER EV',1),(1653,160,'RANGER CREW 570',1),(1654,160,'RANGER CREW 800',1),(1655,160,'RANGER CREW DIESEL',1),(1656,160,'RANGER CREW 900',1),(1657,160,'SPORTSMAN 550 EPS',1),(1658,160,'SPORTSMAN 570',1),(1659,160,'SPORTSMAN 400 HO',1),(1660,160,'SPORTSMAN WV850 HO',1),(1661,160,'SPORTSMAN XP 850',1),(1662,160,'SPORTSMAN 800 EFI',1),(1663,160,'SPORTSMAN BIG BOSS 6X6 800',1),(1664,160,'SCRAMBLER XP 850 HO',1),(1665,160,'SCRAMBLER XP 1000 EPS',1),(1666,160,'SPORTSMAN TOURING 850',1),(1667,160,'SPORTSMAN TOURING 570',1),(1668,160,'SPORTSMAN TOURING 550',1),(1669,160,'SPORTSMAN X2 550',1),(1670,160,'PHOENIX 200',1),(1671,160,'RZR 170',1),(1672,160,'OUTLAW 90',1),(1673,160,'SPORTSMAN 90',1),(1674,160,'OUTLAW 50',1),(1675,160,'BRUTUS',1),(1676,161,'ATV',1),(1677,161,'JAGUAR',1),(1678,161,'RT',1),(1679,162,'AME-110',1),(1680,162,'AME-150',1),(1681,162,'AME-250',1),(1682,162,'AME-LX',1),(1683,163,'AREA-51',1),(1684,163,'CLASSIC',1),(1685,163,'LEONARDO',1),(1686,163,'MOTO',1),(1687,163,'PEGASO',1),(1688,163,'RALLY',1),(1689,163,'RS',1),(1690,163,'RSV MILLE',1),(1691,163,'RX',1),(1692,163,'SCARABEO',1),(1693,163,'SONIC',1),(1694,163,'SR RACING',1),(1695,163,'SR WWW',1),(1696,163,'SR',1),(1697,164,'CALIFFONE',1),(1698,164,'MASTER',1),(1699,164,'SKEGIA',1),(1700,165,'CHAMPION',1),(1701,165,'CLASSIC',1),(1702,166,'TNT',1),(1703,166,'TRE',1),(1704,167,'MX-50',1),(1705,168,'DB4',1),(1706,168,'DB5R',1),(1707,168,'DB6',1),(1708,168,'DB6R',1),(1709,168,'DB7',1),(1710,168,'MANTRA',1),(1711,168,'SBR8',1),(1712,168,'TESI',1),(1713,169,'ELEGANT',1),(1714,169,'FOSTI',1),(1715,169,'PISTA',1),(1716,169,'TURBO',1),(1717,169,'ZANELLA',1),(1718,170,'YB',1),(1719,170,'ALPINA',1),(1720,170,'APOLO',1),(1721,170,'NEVADA',1),(1722,170,'WINSTAR',1),(1723,170,'ELEKTRA',1),(1724,170,'TEXANA',1),(1725,170,'ALTINO',1),(1726,170,'AQUILA',1),(1727,170,'DAYSTAR ROUTIER',1),(1728,171,'CAN-AM',1),(1729,172,'1125',1),(1730,172,'FIREBOLT',1),(1731,172,'LIGHTNING',1),(1732,172,'ULYSSES',1),(1733,173,'JBR',1),(1734,174,'CANYON',1),(1735,174,'ELEFANT',1),(1736,174,'GRAN CANYON',1),(1737,174,'MITO',1),(1738,174,'NAVIGATOR',1),(1739,174,'PLANET',1),(1740,174,'ROADSTER',1),(1741,174,'V-RAPTOR',1),(1742,174,'W-16',1),(1743,175,'MOBILETE',1),(1744,176,'ALTINO',1),(1745,176,'MESSAGE',1),(1746,176,'VC',1),(1747,176,'VF',1),(1748,176,'VS',1),(1749,176,'VT',1),(1750,176,'VX',1),(1751,177,'APACHE',1),(1752,177,'CITYCOM',1),(1753,177,'KANSAS',1),(1754,177,'LASER',1),(1755,177,'NEXT',1),(1756,177,'RIVA',1),(1757,177,'ROADWIN',1),(1758,177,'SMART',1),(1759,177,'SPEED',1),(1760,177,'SUPER',1),(1761,177,'ZIG',1),(1762,178,'DY100-31',1),(1763,178,'DY110-20',1),(1764,178,'DY125-18',1),(1765,178,'DY125-36A',1),(1766,178,'DY125-37',1),(1767,178,'DY125-5',1),(1768,178,'DY125-52',1),(1769,178,'DY150-12',1),(1770,178,'DY200',1),(1771,178,'DY50',1),(1772,179,'SUMMER',1),(1773,179,'DY125-8',1),(1774,179,'SPACE',1),(1775,179,'PHANTON',1),(1776,179,'CITY',1),(1777,179,'DY150GY',1),(1778,179,'CARGO 150',1),(1779,179,'CARGO 200',1),(1780,179,'DY250-2',1),(1781,180,'ATLANTIS',1),(1782,180,'GPR',1),(1783,180,'PREDATOR',1),(1784,180,'RED BULLET',1),(1785,180,'REPLICAS',1),(1786,180,'SENDA',1),(1787,181,'1098',1),(1788,181,'1198',1),(1789,181,'749',1),(1790,181,'848',1),(1791,181,'996',1),(1792,181,'998',1),(1793,181,'999',1),(1794,181,'999R',1),(1795,181,'DESMOSEDICI',1),(1796,181,'DIAVEL',1),(1797,181,'HYPERMOTARD',1),(1798,181,'MONSTER',1),(1799,181,'MULTISTRADA',1),(1800,181,'SPORTCLASSIC',1),(1801,181,'SS',1),(1802,181,'ST-2',1),(1803,181,'ST-4',1),(1804,181,'STREETFIGHTER',1),(1805,182,'MIRAGE',1),(1806,182,'ONE',1),(1807,182,'ONE RACING',1),(1808,183,'FY100-10A',1),(1809,183,'FY125-19',1),(1810,183,'FY125-20',1),(1811,183,'FY125EY-2',1),(1812,183,'FY125Y-3',1),(1813,183,'FY150-3',1),(1814,183,'FY150T-18',1),(1815,183,'FY250',1),(1816,184,'ENDUCROSS',1),(1817,184,'ROOKIE ENDURO',1),(1818,184,'BOY',1),(1819,184,'MC',1),(1820,184,'PAMPERA',1),(1821,184,'TX BOY',1),(1822,184,'TXT',1),(1823,184,'TXT ROOKIE',1),(1824,185,'EASY',1),(1825,185,'RUNNER',1),(1826,185,'SAFARI',1),(1827,185,'SPORT',1),(1828,186,'HB-110',1),(1829,186,'HB-125',1),(1830,186,'HB-150',1),(1831,186,'HB-50',1),(1832,187,'SOFTAIL',1),(1833,187,'TOURING ROAD KING',1),(1834,187,'TOURING ELECTRA GLIDE',1),(1835,187,'DYNA',1),(1836,187,'V-ROD',1),(1837,187,'SPORTSTER',1),(1838,187,'TOURING STREET GLIDE',1),(1839,187,'CVO',1),(1840,188,'LEGION',1),(1841,189,'ANKUR',1),(1842,189,'PUCH',1),(1843,189,'STREAM',1),(1844,190,'FE',1),(1845,191,'CR',1),(1846,191,'HUSQY',1),(1847,191,'SM',1),(1848,191,'SMR',1),(1849,191,'TC',1),(1850,191,'TE',1),(1851,191,'WR',1),(1852,191,'WRE',1),(1853,192,'ACTION',1),(1854,192,'BRAVE',1),(1855,192,'MATRIX',1),(1856,192,'MOVING',1),(1857,192,'ONE',1),(1858,192,'VINTAGE',1),(1859,192,'WARRIOR',1),(1860,192,'IZY 50',1),(1861,193,'JP',1),(1862,194,'BARHOG',1),(1863,194,'PROSTREET',1),(1864,194,'SPYDER',1),(1865,195,'ATLANTIC',1),(1866,195,'HYPE',1),(1867,195,'JONNY',1),(1868,195,'ORBIT',1),(1869,195,'PEGASUS',1),(1870,195,'QUICK',1),(1871,195,'TR',1),(1872,195,'NAKED',1),(1873,195,'RACER',1),(1874,195,'TEXAS',1),(1875,196,'TOP',1),(1876,196,'DUAL',1),(1877,196,'AMAZONAS',1),(1878,197,'DJW',1),(1879,197,'MBOY',1),(1880,197,'PEOPLE',1),(1881,197,'ZING',1),(1882,198,'AKROS',1),(1883,198,'ERGON',1),(1884,198,'NIX',1),(1885,199,'MOTO TRUCK',1),(1886,200,'QUATTOR',1),(1887,201,'FORMIGAO',1),(1888,202,'DE LUXE',1),(1889,202,'E RETRO',1),(1890,202,'LY',1),(1891,203,'TRICICLO',1),(1892,204,'CIAK',1),(1893,204,'SPIDER',1),(1894,205,'DRAGO',1),(1895,205,'EASY',1),(1896,205,'FAST',1),(1897,205,'SKEMA',1),(1898,205,'VITE',1),(1899,206,'CALIFORNIA',1),(1900,206,'QUOTA',1),(1901,206,'V11',1),(1902,206,'LE MANS',1),(1903,207,'230R',1),(1904,208,'BRUTALE',1),(1905,208,'F4',1),(1906,209,'BIG FORCE',1),(1907,209,'BLACK STAR',1),(1908,209,'BRX',1),(1909,209,'DUAL',1),(1910,209,'FENIX GOLD',1),(1911,209,'FOX',1),(1912,209,'GO',1),(1913,209,'HALLEY',1),(1914,209,'FENIX',1),(1915,209,'JURASIC',1),(1916,209,'MA',1),(1917,209,'SIMBA',1),(1918,209,'SPORT',1),(1919,209,'SPYDER',1),(1920,209,'STREET',1),(1921,209,'SUPER',1),(1922,209,'XRT',1),(1923,210,'AX',1),(1924,210,'JC',1),(1925,210,'QM',1),(1926,211,'BR III',1),(1927,212,'BEVERLY',1),(1928,212,'LIBERTY',1),(1929,212,'MP3',1),(1930,212,'NRG',1),(1931,212,'RUNNER',1),(1932,212,'VESPA',1),(1933,212,'ZIP',1),(1934,213,'BLACK JACK',1),(1935,213,'FENIX GOLD',1),(1936,213,'GHOST',1),(1937,213,'SPYDER',1),(1938,214,'ENJOY',1),(1939,214,'HUSKY',1),(1940,214,'PASSING',1),(1941,215,'SCROSS',1),(1942,216,'TRIMOTO',1),(1943,217,'CJ',1),(1944,217,'JH',1),(1945,217,'JL',1),(1946,217,'STAR 50',1),(1947,217,'WORK 125',1),(1948,217,'SKY 125',1),(1949,217,'FLY 135',1),(1950,217,'BEST',1),(1951,217,'SHARK',1),(1952,217,'MOBY 50',1),(1953,217,'JOTO 135',1),(1954,217,'MONTEZ 250',1),(1955,217,'DUNNA 600',1),(1956,217,'VICO',1),(1957,218,'REBELLIAN',1),(1958,218,'TRITON',1),(1959,218,'VTHUNDER',1),(1960,219,'WY',1),(1961,221,'XM',1),(1962,223,'LAMBRETA',1),(1963,225,'SCOOTER',1),(1964,226,'ZS 200',1),(1965,226,'125 ZS',1),(1966,227,'BW 125',1),(1967,228,'WALK MACHINE',1),(1968,229,'MZ 250',1),(1969,229,'KAPRA',1),(1970,229,'RALLYE',1),(1971,229,'PASSEIO',1),(1972,230,'RED HUNTER',1),(1973,230,'W/NG',1),(1974,230,'M2F',1),(1975,230,'GOLDEN ARROW',1),(1976,231,'150',1),(1977,232,'WAKE 500',1),(1978,232,'OUTCROSS',1),(1979,232,'JOY PLUS',1),(1980,232,'PASSION',1),(1981,232,'TREND',1),(1982,232,'PIT BULL',1),(1983,232,'BRUTTUS',1),(1984,233,'UFO 50',1),(1985,233,'LF250ST',1),(1986,233,'FOX 150R',1),(1987,233,'LF400ST',1),(1988,233,'VR 150 WIND',1),(1989,233,'HERCULES 200',1),(1990,233,'ONIX 50R',1),(1991,233,'HS 150 FIRE',1),(1992,234,'KN 150',1),(1993,234,'KN 125 S',1),(1994,234,'KN 50 S',1),(1995,235,'50 SX',1),(1996,235,'65 SX',1),(1997,235,'85 SX',1),(1998,235,'125 SX',1),(1999,235,'150 SX',1),(2000,235,'250 SX',1),(2001,235,'350 SX',1),(2002,235,'450 SX-F',1),(2003,235,'350 EXC',1),(2004,235,'500 EXC',1),(2005,235,'150 XC',1),(2006,235,'250 XC',1),(2007,235,'300 XC',1),(2008,235,'450 XC-F/W',1),(2009,235,'200 XC',1),(2010,235,'690 ENDURO R',1),(2011,235,'1190 ADVENTURE',1),(2012,235,'990 SM T',1),(2013,235,'990 ADVENTURE BAJA',1),(2014,235,'690 DUKE',1),(2015,235,'1190 RC8 R',1),(2016,235,'525 XC',1),(2017,235,'505 SX',1),(2018,235,'450 XC',1),(2019,235,'450 SX',1),(2020,238,'HB',1),(2021,239,'OUTLANDER 400',1),(2022,239,'OUTLANDER 500',1),(2023,239,'OUTLANDER 650',1),(2024,239,'OUTLANDER 800R',1),(2025,239,'OUTLANDER MAX 400',1),(2026,239,'OUTLANDER MAX 500',1),(2027,239,'OUTLANDER MAX 650',1),(2028,239,'OUTLANDER MAX 800R',1),(2029,239,'OUTLANDER MAX LTD 800R',1),(2030,239,'RENEGADE 500',1),(2031,239,'RENEGADE 800R',1),(2032,239,'DS 250',1),(2033,239,'DS 450',1),(2034,239,'DS 90',1),(2035,239,'RT',1),(2036,239,'RS',1),(2037,240,'ACX 250F',1),(2038,240,'HOTZOO SPORT 90',1),(2039,240,'SPORTLANDER 150R',1),(2040,240,'SPORTLANDER 250XR',1),(2041,240,'SPORTLANDER 350ZX',1),(2042,240,'SPORTLANDER 450TR',1),(2043,240,'QUADRILANDER 300',1),(2044,240,'QUADRILANDER 400',1),(2045,240,'QUADRILANDER 600',1),(2046,240,'FRONTLANDER 500',1),(2047,240,'FRONTLANDER 800 EFI',1),(2048,241,'CROSS ROADS 8-BALL',1),(2049,241,'CROSS ROADS CLASSIC',1),(2050,241,'CROSS COUNTRY 8-BALL',1),(2051,241,'CROSS COUNTRY',1),(2052,241,'NESS CROSS COUNTRY',1),(2053,241,'VISION TOUR',1),(2054,241,'CROSS COUNTRY TOUR',1),(2055,241,'CROSS COUNTRY TOUR ANNIVERSARY',1),(2056,241,'VEGAS 8-BALL',1),(2057,241,'HIGH-BALL',1),(2058,241,'HAMMER 8-BALL',1),(2059,241,'BOARDWALK',1),(2060,241,'JACKPOT',1),(2061,241,'JUDGE',1),(2062,241,'ZACH NESS CROSS COUNTRY',1),(2063,241,'HARD-BALL',1),(2064,241,'NESS VISION',1),(2065,241,'CORY NESS CROSS COUNTRY TOUR',1),(2066,242,'CHIEF CLASSIC',1),(2067,242,'CHIEF VINTAGE',1),(2068,242,'CHIEFTAIN',1),(2069,243,'F2 PLUS',1),(2070,243,'SUPER F2',1),(2071,243,'SUPER F1',1),(2072,243,'SUPER F3',1),(2073,243,'BVX 125',1),(2074,243,'BVX 130 STREET',1),(2075,243,'BVX 150 S1',1),(2076,243,'TR 150 D6',1),(2077,243,'AX 200',1),(2078,243,'BVX 200',1),(2079,243,'BX 260',1),(2080,243,'BR 250 D1',1),(2081,243,'CARGO 260',1);
/*!40000 ALTER TABLE `MODELO` ENABLE KEYS */;
UNLOCK TABLES;

--
-- Table structure for table `MODULO`
--

DROP TABLE IF EXISTS `MODULO`;
/*!40101 SET @saved_cs_client     = @@character_set_client */;
/*!40101 SET character_set_client = utf8 */;
CREATE TABLE `MODULO` (
  `MOU_CODIGO` int(11) NOT NULL AUTO_INCREMENT,
  `MOU_NOME` varchar(255) NOT NULL,
  `MOU_ATIVO` int(11) NOT NULL DEFAULT '1',
  PRIMARY KEY (`MOU_CODIGO`)
) ENGINE=InnoDB DEFAULT CHARSET=latin1;
/*!40101 SET character_set_client = @saved_cs_client */;

--
-- Dumping data for table `MODULO`
--

LOCK TABLES `MODULO` WRITE;
/*!40000 ALTER TABLE `MODULO` DISABLE KEYS */;
/*!40000 ALTER TABLE `MODULO` ENABLE KEYS */;
UNLOCK TABLES;

--
-- Table structure for table `ORCAMENTO`
--

DROP TABLE IF EXISTS `ORCAMENTO`;
/*!40101 SET @saved_cs_client     = @@character_set_client */;
/*!40101 SET character_set_client = utf8 */;
CREATE TABLE `ORCAMENTO` (
  `ORC_CODIGO` int(11) NOT NULL AUTO_INCREMENT,
  `ORD_CODIGO` int(11) DEFAULT NULL,
  `ORC_DTORCAMENTO` datetime DEFAULT CURRENT_TIMESTAMP,
  `ORC_VALORTOTAL` float DEFAULT NULL,
  `ORC_ATIVO` int(11) DEFAULT '1',
  `ORC_NOMEANEXO` varchar(255) NOT NULL,
  `ORC_CONTENTTYPE` varchar(255) NOT NULL,
  `ORC_ACEITE` int(11) DEFAULT '0',
  `ORC_SINDICOUPLOAD` int(11) DEFAULT '0',
  PRIMARY KEY (`ORC_CODIGO`),
  KEY `FK_RELATIONSHIP_157` (`ORD_CODIGO`),
  CONSTRAINT `FK_RELATIONSHIP_157` FOREIGN KEY (`ORD_CODIGO`) REFERENCES `ORDEMSERVICO` (`ORD_CODIGO`)
) ENGINE=InnoDB AUTO_INCREMENT=4 DEFAULT CHARSET=latin1;
/*!40101 SET character_set_client = @saved_cs_client */;

--
-- Dumping data for table `ORCAMENTO`
--

LOCK TABLES `ORCAMENTO` WRITE;
/*!40000 ALTER TABLE `ORCAMENTO` DISABLE KEYS */;
INSERT INTO `ORCAMENTO` VALUES (1,5,NULL,NULL,1,'1f6437a0-8d8e-4903-9db2-7a000dd7a4f6.pdf','application/pdf',0,0),(2,5,NULL,NULL,1,'998ac90d-949d-4a31-bf09-977849af1b30.pdf','application/pdf',0,0),(3,7,NULL,NULL,1,'24bc6728-33dd-47b4-a9da-3a0c7e18bce5.pdf','application/pdf',0,0);
/*!40000 ALTER TABLE `ORCAMENTO` ENABLE KEYS */;
UNLOCK TABLES;

--
-- Table structure for table `ORDEMSERVICO`
--

DROP TABLE IF EXISTS `ORDEMSERVICO`;
/*!40101 SET @saved_cs_client     = @@character_set_client */;
/*!40101 SET character_set_client = utf8 */;
CREATE TABLE `ORDEMSERVICO` (
  `ORD_CODIGO` int(11) NOT NULL AUTO_INCREMENT,
  `TOS_CODIGO` int(11) NOT NULL,
  `ATE_CODIGO` int(11) DEFAULT NULL,
  `PEF_CODIGO` int(11) NOT NULL,
  `CON_CODIGO` int(11) NOT NULL,
  `ORD_OBSERVACAO` text,
  `ORD_EMERGENCIA` int(1) DEFAULT NULL,
  `ORD_VALORMATERIAL` decimal(9,2) DEFAULT NULL,
  `ORD_VALORMAODEOBRA` decimal(9,2) DEFAULT NULL,
  `ORD_SERVICOIDENTIFICADO` int(1) DEFAULT NULL,
  `PEJ_CODIGO` int(11) NOT NULL,
  `ORD_NRPROTOCOLO` int(11) DEFAULT NULL,
  PRIMARY KEY (`ORD_CODIGO`),
  KEY `FK_RELATIONSHIP_80` (`TOS_CODIGO`),
  KEY `FK_RELATIONSHIP_82` (`ATE_CODIGO`),
  KEY `FK_RELATIONSHIP_88` (`PEF_CODIGO`),
  KEY `FK_RELATIONSHIP_96` (`CON_CODIGO`),
  KEY `FK_RELATIONSHIP_189` (`PEJ_CODIGO`),
  CONSTRAINT `FK_RELATIONSHIP_189` FOREIGN KEY (`PEJ_CODIGO`) REFERENCES `PESSOAJURIDICA` (`PEJ_CODIGO`),
  CONSTRAINT `FK_RELATIONSHIP_80` FOREIGN KEY (`TOS_CODIGO`) REFERENCES `TIPOORDEMSERVICO` (`TOS_CODIGO`),
  CONSTRAINT `FK_RELATIONSHIP_82` FOREIGN KEY (`ATE_CODIGO`) REFERENCES `ATENDIMENTO` (`ATE_CODIGO`),
  CONSTRAINT `FK_RELATIONSHIP_88` FOREIGN KEY (`PEF_CODIGO`) REFERENCES `PESSOAFISICA` (`PEF_CODIGO`),
  CONSTRAINT `FK_RELATIONSHIP_96` FOREIGN KEY (`CON_CODIGO`) REFERENCES `CONDOMINIO` (`CON_CODIGO`)
) ENGINE=InnoDB AUTO_INCREMENT=9 DEFAULT CHARSET=latin1;
/*!40101 SET character_set_client = @saved_cs_client */;

--
-- Dumping data for table `ORDEMSERVICO`
--

LOCK TABLES `ORDEMSERVICO` WRITE;
/*!40000 ALTER TABLE `ORDEMSERVICO` DISABLE KEYS */;
INSERT INTO `ORDEMSERVICO` VALUES (4,41,NULL,5,2,'Prezados favor recompor o forro de gesso do hall de eventos o mesmo caiu devido o rompimento da rede de esgoto do restaurante ',NULL,80.00,166.00,4,2,4),(5,36,NULL,5,2,'Calha não comporta o volume de água ',NULL,130.00,180.00,3,2,5),(6,40,NULL,5,2,'Infiltração na marquise da recepção do hotel recorrente de água da chuva ',NULL,0.00,0.00,3,2,6),(7,34,NULL,5,2,'Central de incêndio está inoperante ',NULL,NULL,NULL,0,2,7),(8,40,NULL,5,2,'Favor verificar infiltrações na laje próximo a governança,  a água da chuva está caindo sobre a calha de energia, oferecendo  risco de curto circuito',NULL,NULL,NULL,4,2,8);
/*!40000 ALTER TABLE `ORDEMSERVICO` ENABLE KEYS */;
UNLOCK TABLES;

--
-- Table structure for table `ORDEMSERVICOSTATUS`
--

DROP TABLE IF EXISTS `ORDEMSERVICOSTATUS`;
/*!40101 SET @saved_cs_client     = @@character_set_client */;
/*!40101 SET character_set_client = utf8 */;
CREATE TABLE `ORDEMSERVICOSTATUS` (
  `OSS_CODIGO` int(11) NOT NULL AUTO_INCREMENT,
  `OSS_NOME` varchar(100) NOT NULL,
  `OSS_ATIVO` int(11) NOT NULL,
  PRIMARY KEY (`OSS_CODIGO`)
) ENGINE=InnoDB AUTO_INCREMENT=13 DEFAULT CHARSET=latin1;
/*!40101 SET character_set_client = @saved_cs_client */;

--
-- Dumping data for table `ORDEMSERVICOSTATUS`
--

LOCK TABLES `ORDEMSERVICOSTATUS` WRITE;
/*!40000 ALTER TABLE `ORDEMSERVICOSTATUS` DISABLE KEYS */;
INSERT INTO `ORDEMSERVICOSTATUS` VALUES (1,'ABERTA',1),(2,'VISITA EXECUTADA',1),(3,'COTACAO DE MATERIAL',1),(4,'SERVIÇO AUTORIZADO',1),(5,'COMPRA DE MATERIAL',1),(6,'EM EXECUÇÃO',1),(7,'SERVICO EXECUTADO',1),(8,'ACEITE DO SERVIÇO',1),(9,'PESQUISA DE SATISFACAO',1),(10,'CANCELADA',1),(11,'FINALIZADA',1),(12,'GARANTIA',1);
/*!40000 ALTER TABLE `ORDEMSERVICOSTATUS` ENABLE KEYS */;
UNLOCK TABLES;

--
-- Table structure for table `PACOTESERVICO`
--

DROP TABLE IF EXISTS `PACOTESERVICO`;
/*!40101 SET @saved_cs_client     = @@character_set_client */;
/*!40101 SET character_set_client = utf8 */;
CREATE TABLE `PACOTESERVICO` (
  `PCS_CODIGO` int(11) NOT NULL AUTO_INCREMENT,
  `PCS_NOME` varchar(255) NOT NULL,
  `PCS_DESCRICAO` text,
  `PCS_VALOR` float DEFAULT NULL,
  `PCS_QTDVISITAS` int(11) DEFAULT NULL,
  `PCS_ATIVO` int(11) DEFAULT '1',
  `PEJ_CODIGO` int(11) NOT NULL,
  `PCS_VALORVISITAEXCEDENTE` float NOT NULL,
  PRIMARY KEY (`PCS_CODIGO`),
  KEY `FK_RELATIONSHIP_174` (`PEJ_CODIGO`),
  CONSTRAINT `FK_RELATIONSHIP_174` FOREIGN KEY (`PEJ_CODIGO`) REFERENCES `PESSOAJURIDICA` (`PEJ_CODIGO`)
) ENGINE=InnoDB AUTO_INCREMENT=7 DEFAULT CHARSET=latin1;
/*!40101 SET character_set_client = @saved_cs_client */;

--
-- Dumping data for table `PACOTESERVICO`
--

LOCK TABLES `PACOTESERVICO` WRITE;
/*!40000 ALTER TABLE `PACOTESERVICO` DISABLE KEYS */;
INSERT INTO `PACOTESERVICO` VALUES (1,'Econômico I','Econômico I - Mensal',680,4,1,3,250),(2,'Econômico II','Econômico II - Mensal',900,6,1,3,235),(3,'Econômico III','Econômico III - Mensal',1300,10,1,3,200),(4,'Pacote','Pacote - Mensal (Exclusivo)',5200,999,1,3,0),(5,'Manutenção Via Demanda','Por Demanda',NULL,1,1,3,350),(6,'Pacote Comercial','Pacote Comercial com Funcionário',8500,4,1,2,380);
/*!40000 ALTER TABLE `PACOTESERVICO` ENABLE KEYS */;
UNLOCK TABLES;

--
-- Table structure for table `PARENTESCO`
--

DROP TABLE IF EXISTS `PARENTESCO`;
/*!40101 SET @saved_cs_client     = @@character_set_client */;
/*!40101 SET character_set_client = utf8 */;
CREATE TABLE `PARENTESCO` (
  `PAR_CODIGO` int(11) NOT NULL AUTO_INCREMENT,
  `PAR_NOME` varchar(100) NOT NULL,
  `PAR_ATIVO` int(11) NOT NULL DEFAULT '1',
  PRIMARY KEY (`PAR_CODIGO`)
) ENGINE=InnoDB AUTO_INCREMENT=9 DEFAULT CHARSET=latin1;
/*!40101 SET character_set_client = @saved_cs_client */;

--
-- Dumping data for table `PARENTESCO`
--

LOCK TABLES `PARENTESCO` WRITE;
/*!40000 ALTER TABLE `PARENTESCO` DISABLE KEYS */;
INSERT INTO `PARENTESCO` VALUES (1,'CÔNJUGE',1),(2,'FILHO(A)',1),(3,'PAI',1),(4,'MÃE',1),(5,'AVÔ(Ó)',1),(6,'PRIMO(A)',1),(7,'TIO(A)',1),(8,'CUNHADO(A)',1);
/*!40000 ALTER TABLE `PARENTESCO` ENABLE KEYS */;
UNLOCK TABLES;

--
-- Table structure for table `PERFIL`
--

DROP TABLE IF EXISTS `PERFIL`;
/*!40101 SET @saved_cs_client     = @@character_set_client */;
/*!40101 SET character_set_client = utf8 */;
CREATE TABLE `PERFIL` (
  `PER_CODIGO` int(11) NOT NULL AUTO_INCREMENT,
  `PER_NOME` varchar(150) NOT NULL,
  `PER_DESCRICAO` varchar(255) DEFAULT NULL,
  `PER_ATIVO` int(11) NOT NULL,
  PRIMARY KEY (`PER_CODIGO`)
) ENGINE=InnoDB AUTO_INCREMENT=7 DEFAULT CHARSET=latin1;
/*!40101 SET character_set_client = @saved_cs_client */;

--
-- Dumping data for table `PERFIL`
--

LOCK TABLES `PERFIL` WRITE;
/*!40000 ALTER TABLE `PERFIL` DISABLE KEYS */;
INSERT INTO `PERFIL` VALUES (1,'Sindico','Sindico',1),(2,'Morador','Morador',1),(3,'Administrador do SISGECON','ACESSO A TODOS OS RECURSOS DE GESTÃO DO SISTEMA',1),(4,'Proprietário','Proprietário',1),(5,'Inquilino','Inquilino',1),(6,'Conselho Fiscal','Conselho Fiscal',1);
/*!40000 ALTER TABLE `PERFIL` ENABLE KEYS */;
UNLOCK TABLES;

--
-- Table structure for table `PERFIL_CONDOMINIO`
--

DROP TABLE IF EXISTS `PERFIL_CONDOMINIO`;
/*!40101 SET @saved_cs_client     = @@character_set_client */;
/*!40101 SET character_set_client = utf8 */;
CREATE TABLE `PERFIL_CONDOMINIO` (
  `PCO_CODIGO` int(11) NOT NULL AUTO_INCREMENT,
  `PER_CODIGO` int(11) NOT NULL,
  `CON_CODIGO` int(11) NOT NULL,
  PRIMARY KEY (`PCO_CODIGO`),
  KEY `FK_RELATIONSHIP_53` (`CON_CODIGO`),
  KEY `FK_RELATIONSHIP_7` (`PER_CODIGO`),
  CONSTRAINT `FK_RELATIONSHIP_53` FOREIGN KEY (`CON_CODIGO`) REFERENCES `CONDOMINIO` (`CON_CODIGO`),
  CONSTRAINT `FK_RELATIONSHIP_7` FOREIGN KEY (`PER_CODIGO`) REFERENCES `PERFIL` (`PER_CODIGO`)
) ENGINE=InnoDB AUTO_INCREMENT=5 DEFAULT CHARSET=latin1;
/*!40101 SET character_set_client = @saved_cs_client */;

--
-- Dumping data for table `PERFIL_CONDOMINIO`
--

LOCK TABLES `PERFIL_CONDOMINIO` WRITE;
/*!40000 ALTER TABLE `PERFIL_CONDOMINIO` DISABLE KEYS */;
INSERT INTO `PERFIL_CONDOMINIO` VALUES (1,1,1),(2,2,1),(3,4,1),(4,5,1);
/*!40000 ALTER TABLE `PERFIL_CONDOMINIO` ENABLE KEYS */;
UNLOCK TABLES;

--
-- Table structure for table `PERFIL_CONDOMINIO_RECURSO`
--

DROP TABLE IF EXISTS `PERFIL_CONDOMINIO_RECURSO`;
/*!40101 SET @saved_cs_client     = @@character_set_client */;
/*!40101 SET character_set_client = utf8 */;
CREATE TABLE `PERFIL_CONDOMINIO_RECURSO` (
  `PCR_CODIGO` int(11) NOT NULL AUTO_INCREMENT,
  `REC_CODIGO` int(11) NOT NULL,
  `PCO_CODIGO` int(11) NOT NULL,
  PRIMARY KEY (`PCR_CODIGO`),
  KEY `FK_RELATIONSHIP_72` (`REC_CODIGO`),
  KEY `FK_RELATIONSHIP_73` (`PCO_CODIGO`),
  CONSTRAINT `FK_RELATIONSHIP_72` FOREIGN KEY (`REC_CODIGO`) REFERENCES `RECURSO` (`REC_CODIGO`),
  CONSTRAINT `FK_RELATIONSHIP_73` FOREIGN KEY (`PCO_CODIGO`) REFERENCES `PERFIL_CONDOMINIO` (`PCO_CODIGO`)
) ENGINE=InnoDB AUTO_INCREMENT=11 DEFAULT CHARSET=latin1;
/*!40101 SET character_set_client = @saved_cs_client */;

--
-- Dumping data for table `PERFIL_CONDOMINIO_RECURSO`
--

LOCK TABLES `PERFIL_CONDOMINIO_RECURSO` WRITE;
/*!40000 ALTER TABLE `PERFIL_CONDOMINIO_RECURSO` DISABLE KEYS */;
INSERT INTO `PERFIL_CONDOMINIO_RECURSO` VALUES (1,1,1),(2,2,1),(3,3,1),(4,4,1),(5,5,1),(6,1,4),(7,2,4),(8,3,4),(9,4,4),(10,5,4);
/*!40000 ALTER TABLE `PERFIL_CONDOMINIO_RECURSO` ENABLE KEYS */;
UNLOCK TABLES;

--
-- Table structure for table `PERGUNTAAVALIACAO`
--

DROP TABLE IF EXISTS `PERGUNTAAVALIACAO`;
/*!40101 SET @saved_cs_client     = @@character_set_client */;
/*!40101 SET character_set_client = utf8 */;
CREATE TABLE `PERGUNTAAVALIACAO` (
  `PAV_CODIGO` int(11) NOT NULL AUTO_INCREMENT,
  `PAV_NOME` varchar(255) NOT NULL,
  `PAV_ATIVO` int(11) NOT NULL DEFAULT '1',
  `PAV_OBJETIVA` int(11) DEFAULT NULL,
  PRIMARY KEY (`PAV_CODIGO`)
) ENGINE=InnoDB AUTO_INCREMENT=5 DEFAULT CHARSET=latin1;
/*!40101 SET character_set_client = @saved_cs_client */;

--
-- Dumping data for table `PERGUNTAAVALIACAO`
--

LOCK TABLES `PERGUNTAAVALIACAO` WRITE;
/*!40000 ALTER TABLE `PERGUNTAAVALIACAO` DISABLE KEYS */;
INSERT INTO `PERGUNTAAVALIACAO` VALUES (1,'Foi atendido no prazo?',1,1),(2,'O problema foi resolvido?',1,1),(3,'Qualidade do serviço.',1,0),(4,'Profissionalismo do atendente.',1,0);
/*!40000 ALTER TABLE `PERGUNTAAVALIACAO` ENABLE KEYS */;
UNLOCK TABLES;

--
-- Table structure for table `PERGUNTAENQUETE`
--

DROP TABLE IF EXISTS `PERGUNTAENQUETE`;
/*!40101 SET @saved_cs_client     = @@character_set_client */;
/*!40101 SET character_set_client = utf8 */;
CREATE TABLE `PERGUNTAENQUETE` (
  `PEE_CODIGO` int(11) NOT NULL AUTO_INCREMENT,
  `ENQ_CODIGO` int(11) NOT NULL,
  `PEE_DESCRICAO` text NOT NULL,
  `PEE_ATIVO` int(11) NOT NULL,
  PRIMARY KEY (`PEE_CODIGO`),
  KEY `FK_RELATIONSHIP_27` (`ENQ_CODIGO`),
  CONSTRAINT `FK_RELATIONSHIP_27` FOREIGN KEY (`ENQ_CODIGO`) REFERENCES `ENQUETE` (`ENQ_CODIGO`)
) ENGINE=InnoDB DEFAULT CHARSET=latin1;
/*!40101 SET character_set_client = @saved_cs_client */;

--
-- Dumping data for table `PERGUNTAENQUETE`
--

LOCK TABLES `PERGUNTAENQUETE` WRITE;
/*!40000 ALTER TABLE `PERGUNTAENQUETE` DISABLE KEYS */;
/*!40000 ALTER TABLE `PERGUNTAENQUETE` ENABLE KEYS */;
UNLOCK TABLES;

--
-- Table structure for table `PESSOAFISICA`
--

DROP TABLE IF EXISTS `PESSOAFISICA`;
/*!40101 SET @saved_cs_client     = @@character_set_client */;
/*!40101 SET character_set_client = utf8 */;
CREATE TABLE `PESSOAFISICA` (
  `PEF_CODIGO` int(11) NOT NULL AUTO_INCREMENT,
  `PEF_CPF` char(11) NOT NULL,
  `SEX_CODIGO` int(11) NOT NULL,
  `PEF_CODIGOPAI` int(11) DEFAULT NULL,
  `PEF_NOMEMAE` varchar(250) DEFAULT NULL,
  `PEF_NOMEPAI` varchar(250) DEFAULT NULL,
  `PEF_NOMEFOTO` varchar(255) DEFAULT NULL,
  `PEF_CONTENT_TYPE` varchar(50) DEFAULT NULL,
  `PEF_NOME` varchar(255) NOT NULL,
  `PEF_DTNASCIMENTO` date DEFAULT NULL,
  `PEF_DTCADASTRO` datetime NOT NULL DEFAULT CURRENT_TIMESTAMP,
  `PEF_ATIVO` int(11) NOT NULL DEFAULT '1',
  `PEF_RG` varchar(15) DEFAULT NULL,
  `PEF_RGORGAOEXPEDIDOR` varchar(10) DEFAULT NULL,
  PRIMARY KEY (`PEF_CODIGO`),
  KEY `FK_RELATIONSHIP_69` (`SEX_CODIGO`),
  KEY `FK_RELATIONSHIP_117` (`PEF_CODIGOPAI`),
  CONSTRAINT `FK_RELATIONSHIP_117` FOREIGN KEY (`PEF_CODIGOPAI`) REFERENCES `PESSOAFISICA` (`PEF_CODIGO`),
  CONSTRAINT `FK_RELATIONSHIP_69` FOREIGN KEY (`SEX_CODIGO`) REFERENCES `SEXO` (`SEX_CODIGO`)
) ENGINE=InnoDB AUTO_INCREMENT=14 DEFAULT CHARSET=latin1;
/*!40101 SET character_set_client = @saved_cs_client */;

--
-- Dumping data for table `PESSOAFISICA`
--

LOCK TABLES `PESSOAFISICA` WRITE;
/*!40000 ALTER TABLE `PESSOAFISICA` DISABLE KEYS */;
INSERT INTO `PESSOAFISICA` VALUES (1,'52948371880',1,NULL,'Maria da Silva','Jose da Silva',NULL,NULL,'Gestor TushTech','2017-08-30','2019-01-23 11:25:46',1,NULL,NULL),(2,'66632525504',1,NULL,'Joana Silva','Mario da Silva',NULL,NULL,'Usuário JCDIEHL','2018-06-12','2019-01-23 11:25:47',1,NULL,NULL),(3,'92726296084',1,NULL,'Joana Silva JCDIEHL','Mario da Silva JCDIEHL',NULL,NULL,'Usuário JCDIEHL TESTE','2018-06-12','2019-01-23 11:25:47',1,NULL,NULL),(4,'01337524611',1,NULL,'','','','','LEONARDO IANKOUS BOMTEMPO','1981-08-04','2019-01-23 11:25:47',1,NULL,NULL),(5,'82279713187',1,NULL,'','','','','Erivaldo Ferreira de Oliveira','1980-01-28','2019-01-28 13:03:27',1,NULL,NULL),(6,'05859574959',1,NULL,NULL,NULL,'','','Antônio Moreira Dos Santos Lima','2019-03-26','2019-03-26 11:13:03',1,NULL,NULL),(7,'72298286191',2,NULL,NULL,NULL,'','','Claudia Roos Diehl','1981-04-19','2019-03-27 11:10:34',1,NULL,NULL),(8,'08234199404',1,NULL,NULL,NULL,'','','Damião Romario Da Silva Lopes','2019-03-26','2019-03-28 09:55:38',1,NULL,NULL),(9,'81539100197',1,NULL,NULL,NULL,'','','Denis Da Silva Félix','2019-03-26','2019-03-28 09:56:39',1,NULL,NULL),(10,'70069042187',1,NULL,NULL,NULL,'','','Elanildo Da Silva Morais ','2019-03-26','2019-03-28 09:57:23',1,NULL,NULL),(11,'26147349856',1,NULL,NULL,NULL,'','','Ricardo Alves Da Silva','2019-03-26','2019-03-28 09:58:30',1,NULL,NULL),(12,'88579611415',1,NULL,NULL,NULL,'','','Roberval Monteiro Da Silva','2019-03-26','2019-03-28 09:59:05',1,NULL,NULL),(13,'02079953117',1,NULL,NULL,NULL,'','','Tiago Nascimento Fernandes ','2019-03-26','2019-03-28 09:59:56',1,NULL,NULL);
/*!40000 ALTER TABLE `PESSOAFISICA` ENABLE KEYS */;
UNLOCK TABLES;

--
-- Table structure for table `PESSOAFISICA_CONDOMINIO`
--

DROP TABLE IF EXISTS `PESSOAFISICA_CONDOMINIO`;
/*!40101 SET @saved_cs_client     = @@character_set_client */;
/*!40101 SET character_set_client = utf8 */;
CREATE TABLE `PESSOAFISICA_CONDOMINIO` (
  `PFC_CODIGO` int(11) NOT NULL AUTO_INCREMENT,
  `PEF_CODIGO` int(11) NOT NULL,
  `CON_CODIGO` int(11) NOT NULL,
  `PFC_DTINICIO` date NOT NULL,
  `PFC_DTFIM` date DEFAULT NULL,
  `TIF_CODIGO` int(11) DEFAULT NULL,
  `REG_CODIGO` int(11) DEFAULT NULL,
  `PFC_VALORSALARIO` float DEFAULT NULL,
  `TPC_CODIGO` int(11) DEFAULT NULL,
  PRIMARY KEY (`PFC_CODIGO`),
  KEY `FK_RELATIONSHIP_5` (`PEF_CODIGO`),
  KEY `FK_RELATIONSHIP_6` (`CON_CODIGO`),
  KEY `FK_RELATIONSHIP_138` (`TIF_CODIGO`),
  KEY `FK_RELATIONSHIP_146` (`REG_CODIGO`),
  KEY `FK_RELATIONSHIP_176` (`TPC_CODIGO`),
  CONSTRAINT `FK_RELATIONSHIP_138` FOREIGN KEY (`TIF_CODIGO`) REFERENCES `TIPOFUNCIONARIO` (`TIF_CODIGO`),
  CONSTRAINT `FK_RELATIONSHIP_146` FOREIGN KEY (`REG_CODIGO`) REFERENCES `REGIMETRABALHO` (`REG_CODIGO`) ON DELETE NO ACTION ON UPDATE NO ACTION,
  CONSTRAINT `FK_RELATIONSHIP_176` FOREIGN KEY (`TPC_CODIGO`) REFERENCES `TIPOPESSOAFISICACONDOMINIO` (`TPC_CODIGO`),
  CONSTRAINT `FK_RELATIONSHIP_5` FOREIGN KEY (`PEF_CODIGO`) REFERENCES `PESSOAFISICA` (`PEF_CODIGO`),
  CONSTRAINT `FK_RELATIONSHIP_6` FOREIGN KEY (`CON_CODIGO`) REFERENCES `CONDOMINIO` (`CON_CODIGO`)
) ENGINE=InnoDB AUTO_INCREMENT=4 DEFAULT CHARSET=latin1;
/*!40101 SET character_set_client = @saved_cs_client */;

--
-- Dumping data for table `PESSOAFISICA_CONDOMINIO`
--

LOCK TABLES `PESSOAFISICA_CONDOMINIO` WRITE;
/*!40000 ALTER TABLE `PESSOAFISICA_CONDOMINIO` DISABLE KEYS */;
INSERT INTO `PESSOAFISICA_CONDOMINIO` VALUES (2,4,1,'2019-01-23',NULL,NULL,NULL,NULL,2),(3,5,2,'2018-12-14',NULL,NULL,NULL,NULL,2);
/*!40000 ALTER TABLE `PESSOAFISICA_CONDOMINIO` ENABLE KEYS */;
UNLOCK TABLES;

--
-- Table structure for table `PESSOAFISICA_ORDEMSERVICO`
--

DROP TABLE IF EXISTS `PESSOAFISICA_ORDEMSERVICO`;
/*!40101 SET @saved_cs_client     = @@character_set_client */;
/*!40101 SET character_set_client = utf8 */;
CREATE TABLE `PESSOAFISICA_ORDEMSERVICO` (
  `PFO_CODIGO` int(11) NOT NULL AUTO_INCREMENT,
  `ORD_CODIGO` int(11) NOT NULL,
  `PEF_CODIGO` int(11) NOT NULL,
  `PFO_DTINCLUSAO` datetime DEFAULT CURRENT_TIMESTAMP,
  `PFO_OBSERVACAO` text,
  `PFO_VISITA` int(11) DEFAULT '0',
  `PFO_CIENTE` int(11) DEFAULT '0',
  PRIMARY KEY (`PFO_CODIGO`),
  KEY `FK_RELATIONSHIP_187` (`ORD_CODIGO`),
  KEY `FK_RELATIONSHIP_188` (`PEF_CODIGO`),
  CONSTRAINT `FK_RELATIONSHIP_187` FOREIGN KEY (`ORD_CODIGO`) REFERENCES `ORDEMSERVICO` (`ORD_CODIGO`),
  CONSTRAINT `FK_RELATIONSHIP_188` FOREIGN KEY (`PEF_CODIGO`) REFERENCES `PESSOAFISICA` (`PEF_CODIGO`)
) ENGINE=InnoDB AUTO_INCREMENT=6 DEFAULT CHARSET=latin1;
/*!40101 SET character_set_client = @saved_cs_client */;

--
-- Dumping data for table `PESSOAFISICA_ORDEMSERVICO`
--

LOCK TABLES `PESSOAFISICA_ORDEMSERVICO` WRITE;
/*!40000 ALTER TABLE `PESSOAFISICA_ORDEMSERVICO` DISABLE KEYS */;
INSERT INTO `PESSOAFISICA_ORDEMSERVICO` VALUES (1,4,6,'2019-03-26 12:02:14','',1,1),(2,5,6,'2019-04-05 12:21:27','',1,1),(3,6,6,'2019-04-05 12:21:41','',1,1),(4,7,6,'2019-04-17 16:50:08','',1,1),(5,8,6,'2019-04-25 09:25:14','',1,1);
/*!40000 ALTER TABLE `PESSOAFISICA_ORDEMSERVICO` ENABLE KEYS */;
UNLOCK TABLES;

--
-- Table structure for table `PESSOAFISICA_PERFIL_CONDOMINIO`
--

DROP TABLE IF EXISTS `PESSOAFISICA_PERFIL_CONDOMINIO`;
/*!40101 SET @saved_cs_client     = @@character_set_client */;
/*!40101 SET character_set_client = utf8 */;
CREATE TABLE `PESSOAFISICA_PERFIL_CONDOMINIO` (
  `PPC_CODIGO` int(11) NOT NULL AUTO_INCREMENT,
  `PEF_CODIGO` int(11) NOT NULL,
  `PCO_CODIGO` int(11) NOT NULL,
  PRIMARY KEY (`PPC_CODIGO`),
  KEY `FK_RELATIONSHIP_48` (`PEF_CODIGO`),
  KEY `FK_RELATIONSHIP_71` (`PCO_CODIGO`),
  CONSTRAINT `FK_RELATIONSHIP_48` FOREIGN KEY (`PEF_CODIGO`) REFERENCES `PESSOAFISICA` (`PEF_CODIGO`),
  CONSTRAINT `FK_RELATIONSHIP_71` FOREIGN KEY (`PCO_CODIGO`) REFERENCES `PERFIL_CONDOMINIO` (`PCO_CODIGO`)
) ENGINE=InnoDB AUTO_INCREMENT=3 DEFAULT CHARSET=latin1;
/*!40101 SET character_set_client = @saved_cs_client */;

--
-- Dumping data for table `PESSOAFISICA_PERFIL_CONDOMINIO`
--

LOCK TABLES `PESSOAFISICA_PERFIL_CONDOMINIO` WRITE;
/*!40000 ALTER TABLE `PESSOAFISICA_PERFIL_CONDOMINIO` DISABLE KEYS */;
INSERT INTO `PESSOAFISICA_PERFIL_CONDOMINIO` VALUES (1,1,1),(2,4,1);
/*!40000 ALTER TABLE `PESSOAFISICA_PERFIL_CONDOMINIO` ENABLE KEYS */;
UNLOCK TABLES;

--
-- Table structure for table `PESSOAFISICA_PERGUNTA`
--

DROP TABLE IF EXISTS `PESSOAFISICA_PERGUNTA`;
/*!40101 SET @saved_cs_client     = @@character_set_client */;
/*!40101 SET character_set_client = utf8 */;
CREATE TABLE `PESSOAFISICA_PERGUNTA` (
  `PEP_CODIGO` int(11) NOT NULL AUTO_INCREMENT,
  `PEE_CODIGO` int(11) NOT NULL,
  `PEF_CODIGO` int(11) NOT NULL,
  PRIMARY KEY (`PEP_CODIGO`),
  KEY `FK_RELATIONSHIP_28` (`PEE_CODIGO`),
  KEY `FK_RELATIONSHIP_29` (`PEF_CODIGO`),
  CONSTRAINT `FK_RELATIONSHIP_28` FOREIGN KEY (`PEE_CODIGO`) REFERENCES `PERGUNTAENQUETE` (`PEE_CODIGO`),
  CONSTRAINT `FK_RELATIONSHIP_29` FOREIGN KEY (`PEF_CODIGO`) REFERENCES `PESSOAFISICA` (`PEF_CODIGO`)
) ENGINE=InnoDB DEFAULT CHARSET=latin1;
/*!40101 SET character_set_client = @saved_cs_client */;

--
-- Dumping data for table `PESSOAFISICA_PERGUNTA`
--

LOCK TABLES `PESSOAFISICA_PERGUNTA` WRITE;
/*!40000 ALTER TABLE `PESSOAFISICA_PERGUNTA` DISABLE KEYS */;
/*!40000 ALTER TABLE `PESSOAFISICA_PERGUNTA` ENABLE KEYS */;
UNLOCK TABLES;

--
-- Table structure for table `PESSOAFISICA_PROFISSAO`
--

DROP TABLE IF EXISTS `PESSOAFISICA_PROFISSAO`;
/*!40101 SET @saved_cs_client     = @@character_set_client */;
/*!40101 SET character_set_client = utf8 */;
CREATE TABLE `PESSOAFISICA_PROFISSAO` (
  `PFP_CODIGO` int(11) NOT NULL AUTO_INCREMENT,
  `PRO_CODIGO` int(11) NOT NULL,
  `PEF_CODIGO` int(11) NOT NULL,
  `PFP_ATIVO` int(11) NOT NULL DEFAULT '1',
  `PFP_DTCADASTRO` datetime NOT NULL DEFAULT CURRENT_TIMESTAMP,
  PRIMARY KEY (`PFP_CODIGO`),
  KEY `FK_RELATIONSHIP_163` (`PRO_CODIGO`),
  KEY `FK_RELATIONSHIP_164` (`PEF_CODIGO`),
  CONSTRAINT `FK_RELATIONSHIP_163` FOREIGN KEY (`PRO_CODIGO`) REFERENCES `PROFISSAO` (`PRO_CODIGO`),
  CONSTRAINT `FK_RELATIONSHIP_164` FOREIGN KEY (`PEF_CODIGO`) REFERENCES `PESSOAFISICA` (`PEF_CODIGO`)
) ENGINE=InnoDB AUTO_INCREMENT=8 DEFAULT CHARSET=latin1;
/*!40101 SET character_set_client = @saved_cs_client */;

--
-- Dumping data for table `PESSOAFISICA_PROFISSAO`
--

LOCK TABLES `PESSOAFISICA_PROFISSAO` WRITE;
/*!40000 ALTER TABLE `PESSOAFISICA_PROFISSAO` DISABLE KEYS */;
INSERT INTO `PESSOAFISICA_PROFISSAO` VALUES (1,1,6,1,'2019-03-26 00:00:00'),(2,1,8,1,'2019-03-28 00:00:00'),(3,2,9,1,'2019-03-28 00:00:00'),(4,2,10,1,'2019-03-28 00:00:00'),(5,1,11,1,'2019-03-28 00:00:00'),(6,1,12,1,'2019-03-28 00:00:00'),(7,1,13,1,'2019-03-28 00:00:00');
/*!40000 ALTER TABLE `PESSOAFISICA_PROFISSAO` ENABLE KEYS */;
UNLOCK TABLES;

--
-- Table structure for table `PESSOAFISICA_UNIDADE`
--

DROP TABLE IF EXISTS `PESSOAFISICA_UNIDADE`;
/*!40101 SET @saved_cs_client     = @@character_set_client */;
/*!40101 SET character_set_client = utf8 */;
CREATE TABLE `PESSOAFISICA_UNIDADE` (
  `PFU_CODIGO` int(11) NOT NULL AUTO_INCREMENT,
  `PEF_CODIGO` int(11) NOT NULL,
  `UNI_CODIGO` int(11) NOT NULL,
  `PFU_DTINICIO` date NOT NULL,
  `PFU_DTFIM` date DEFAULT NULL,
  `TPF_CODIGO` int(11) NOT NULL,
  `PAR_CODIGO` int(11) DEFAULT NULL,
  `PFU_TIPOMORADOR` varchar(100) DEFAULT NULL,
  `PEF_CODIGOCADASTRANTE` int(11) NOT NULL,
  `PFU_DTCADASTRO` datetime DEFAULT CURRENT_TIMESTAMP,
  `TIF_CODIGO` int(11) DEFAULT NULL,
  `PFU_AVISARMORADOR` int(1) DEFAULT NULL,
  `PFU_PARTEIMOVEL` char(6) DEFAULT NULL,
  `PFU_ATIVO` int(11) NOT NULL DEFAULT '1',
  PRIMARY KEY (`PFU_CODIGO`),
  KEY `FK_RELATIONSHIP_12` (`PEF_CODIGO`),
  KEY `FK_RELATIONSHIP_13` (`UNI_CODIGO`),
  KEY `FK_RELATIONSHIP_130` (`TPF_CODIGO`),
  KEY `FK_RELATIONSHIP_106` (`PAR_CODIGO`),
  KEY `FK_RELATIONSHIP_131` (`PEF_CODIGOCADASTRANTE`),
  KEY `FK_RELATIONSHIP_136` (`TIF_CODIGO`),
  CONSTRAINT `FK_RELATIONSHIP_106` FOREIGN KEY (`PAR_CODIGO`) REFERENCES `PARENTESCO` (`PAR_CODIGO`),
  CONSTRAINT `FK_RELATIONSHIP_12` FOREIGN KEY (`PEF_CODIGO`) REFERENCES `PESSOAFISICA` (`PEF_CODIGO`),
  CONSTRAINT `FK_RELATIONSHIP_13` FOREIGN KEY (`UNI_CODIGO`) REFERENCES `UNIDADE` (`UNI_CODIGO`),
  CONSTRAINT `FK_RELATIONSHIP_130` FOREIGN KEY (`TPF_CODIGO`) REFERENCES `TIPOPESSOAFISICAUNIDADE` (`TPF_CODIGO`),
  CONSTRAINT `FK_RELATIONSHIP_131` FOREIGN KEY (`PEF_CODIGOCADASTRANTE`) REFERENCES `PESSOAFISICA` (`PEF_CODIGO`),
  CONSTRAINT `FK_RELATIONSHIP_136` FOREIGN KEY (`TIF_CODIGO`) REFERENCES `TIPOFUNCIONARIO` (`TIF_CODIGO`)
) ENGINE=InnoDB DEFAULT CHARSET=latin1;
/*!40101 SET character_set_client = @saved_cs_client */;

--
-- Dumping data for table `PESSOAFISICA_UNIDADE`
--

LOCK TABLES `PESSOAFISICA_UNIDADE` WRITE;
/*!40000 ALTER TABLE `PESSOAFISICA_UNIDADE` DISABLE KEYS */;
/*!40000 ALTER TABLE `PESSOAFISICA_UNIDADE` ENABLE KEYS */;
UNLOCK TABLES;

--
-- Table structure for table `PESSOAFISICA_UNIDADE_DIASEMANA`
--

DROP TABLE IF EXISTS `PESSOAFISICA_UNIDADE_DIASEMANA`;
/*!40101 SET @saved_cs_client     = @@character_set_client */;
/*!40101 SET character_set_client = utf8 */;
CREATE TABLE `PESSOAFISICA_UNIDADE_DIASEMANA` (
  `PFD_CODIGO` int(11) NOT NULL AUTO_INCREMENT,
  `DSS_CODIGO` int(11) NOT NULL,
  `PFU_CODIGO` int(11) NOT NULL,
  `TUR_CODIGO` int(11) DEFAULT NULL,
  PRIMARY KEY (`PFD_CODIGO`),
  KEY `FK_RELATIONSHIP_118` (`DSS_CODIGO`),
  KEY `FK_RELATIONSHIP_119` (`PFU_CODIGO`),
  KEY `FK_RELATIONSHIP_137` (`TUR_CODIGO`),
  CONSTRAINT `FK_RELATIONSHIP_118` FOREIGN KEY (`DSS_CODIGO`) REFERENCES `DIASEMANA` (`DSS_CODIGO`),
  CONSTRAINT `FK_RELATIONSHIP_119` FOREIGN KEY (`PFU_CODIGO`) REFERENCES `PESSOAFISICA_UNIDADE` (`PFU_CODIGO`),
  CONSTRAINT `FK_RELATIONSHIP_137` FOREIGN KEY (`TUR_CODIGO`) REFERENCES `TURNO` (`TUR_CODIGO`)
) ENGINE=InnoDB DEFAULT CHARSET=latin1;
/*!40101 SET character_set_client = @saved_cs_client */;

--
-- Dumping data for table `PESSOAFISICA_UNIDADE_DIASEMANA`
--

LOCK TABLES `PESSOAFISICA_UNIDADE_DIASEMANA` WRITE;
/*!40000 ALTER TABLE `PESSOAFISICA_UNIDADE_DIASEMANA` DISABLE KEYS */;
/*!40000 ALTER TABLE `PESSOAFISICA_UNIDADE_DIASEMANA` ENABLE KEYS */;
UNLOCK TABLES;

--
-- Table structure for table `PESSOAFISICA_VEICULO`
--

DROP TABLE IF EXISTS `PESSOAFISICA_VEICULO`;
/*!40101 SET @saved_cs_client     = @@character_set_client */;
/*!40101 SET character_set_client = utf8 */;
CREATE TABLE `PESSOAFISICA_VEICULO` (
  `PFV_CODIGO` int(11) NOT NULL AUTO_INCREMENT,
  `VEI_CODIGO` int(11) NOT NULL,
  `PEF_CODIGO` int(11) NOT NULL,
  `TPF_CODIGO` int(11) DEFAULT NULL,
  `PFV_DTINICIO` datetime NOT NULL DEFAULT CURRENT_TIMESTAMP,
  `PFV_DTFIM` datetime DEFAULT NULL,
  `PFU_CODIGO` int(11) DEFAULT NULL,
  PRIMARY KEY (`PFV_CODIGO`),
  KEY `FK_RELATIONSHIP_107` (`TPF_CODIGO`),
  KEY `FK_RELATIONSHIP_98` (`VEI_CODIGO`),
  KEY `FK_RELATIONSHIP_99` (`PEF_CODIGO`),
  KEY `FK_RELATIONSHIP_141` (`PFU_CODIGO`),
  CONSTRAINT `FK_RELATIONSHIP_107` FOREIGN KEY (`TPF_CODIGO`) REFERENCES `TIPOPESSOAFISICAUNIDADE` (`TPF_CODIGO`),
  CONSTRAINT `FK_RELATIONSHIP_141` FOREIGN KEY (`PFU_CODIGO`) REFERENCES `PESSOAFISICA_UNIDADE` (`PFU_CODIGO`) ON DELETE NO ACTION ON UPDATE NO ACTION,
  CONSTRAINT `FK_RELATIONSHIP_98` FOREIGN KEY (`VEI_CODIGO`) REFERENCES `VEICULO` (`VEI_CODIGO`),
  CONSTRAINT `FK_RELATIONSHIP_99` FOREIGN KEY (`PEF_CODIGO`) REFERENCES `PESSOAFISICA` (`PEF_CODIGO`)
) ENGINE=InnoDB DEFAULT CHARSET=latin1;
/*!40101 SET character_set_client = @saved_cs_client */;

--
-- Dumping data for table `PESSOAFISICA_VEICULO`
--

LOCK TABLES `PESSOAFISICA_VEICULO` WRITE;
/*!40000 ALTER TABLE `PESSOAFISICA_VEICULO` DISABLE KEYS */;
/*!40000 ALTER TABLE `PESSOAFISICA_VEICULO` ENABLE KEYS */;
UNLOCK TABLES;

--
-- Table structure for table `PESSOAJURIDICA`
--

DROP TABLE IF EXISTS `PESSOAJURIDICA`;
/*!40101 SET @saved_cs_client     = @@character_set_client */;
/*!40101 SET character_set_client = utf8 */;
CREATE TABLE `PESSOAJURIDICA` (
  `PEJ_CODIGO` int(11) NOT NULL AUTO_INCREMENT,
  `PEJ_NOMEFANTASIA` varchar(255) DEFAULT NULL,
  `PEJ_CNPJ` char(14) DEFAULT NULL,
  `PEJ_RAZAOSOCIAL` varchar(255) DEFAULT NULL,
  `AAT_CODIGO` int(11) DEFAULT NULL,
  `PEJ_ATIVO` int(11) DEFAULT '1',
  PRIMARY KEY (`PEJ_CODIGO`),
  KEY `FK_RELATIONSHIP_175` (`AAT_CODIGO`),
  CONSTRAINT `FK_RELATIONSHIP_175` FOREIGN KEY (`AAT_CODIGO`) REFERENCES `AREAATUACAO` (`AAT_CODIGO`)
) ENGINE=InnoDB AUTO_INCREMENT=5 DEFAULT CHARSET=latin1;
/*!40101 SET character_set_client = @saved_cs_client */;

--
-- Dumping data for table `PESSOAJURIDICA`
--

LOCK TABLES `PESSOAJURIDICA` WRITE;
/*!40000 ALTER TABLE `PESSOAJURIDICA` DISABLE KEYS */;
INSERT INTO `PESSOAJURIDICA` VALUES (1,'TushTech Tecnologia da Informação','53586990000158','TushTech TI',NULL,1),(2,'JCDIEHL II','03232440000162','ENGENHARIA E SERVIÇOS',NULL,1),(3,'JCDIEHL','36654767000181','ENGENHARIA E SERVIÇOS',NULL,1),(4,'CONDOMINIO LED AGUAS CLARAS','19352485000100','CONDOMINIO LED AGUAS CLARAS',NULL,1);
/*!40000 ALTER TABLE `PESSOAJURIDICA` ENABLE KEYS */;
UNLOCK TABLES;

--
-- Table structure for table `PESSOAJURIDICA_CONDOMINIO`
--

DROP TABLE IF EXISTS `PESSOAJURIDICA_CONDOMINIO`;
/*!40101 SET @saved_cs_client     = @@character_set_client */;
/*!40101 SET character_set_client = utf8 */;
CREATE TABLE `PESSOAJURIDICA_CONDOMINIO` (
  `PJC_CODIGO` int(11) NOT NULL AUTO_INCREMENT,
  `PEJ_CODIGO` int(11) NOT NULL,
  `CON_CODIGO` int(11) NOT NULL,
  `PEF_CODIGORESPONSAVEL` int(11) NOT NULL,
  `PJC_DTINICIO` datetime NOT NULL DEFAULT CURRENT_TIMESTAMP,
  `PJC_DTFIM` datetime DEFAULT NULL,
  `PJC_ADIMPLENTE` int(11) DEFAULT '0',
  PRIMARY KEY (`PJC_CODIGO`),
  KEY `FK_RELATIONSHIP_160` (`PEJ_CODIGO`),
  KEY `FK_RELATIONSHIP_161` (`CON_CODIGO`),
  KEY `FK_RELATIONSHIP_162` (`PEF_CODIGORESPONSAVEL`),
  CONSTRAINT `FK_RELATIONSHIP_160` FOREIGN KEY (`PEJ_CODIGO`) REFERENCES `PESSOAJURIDICA` (`PEJ_CODIGO`),
  CONSTRAINT `FK_RELATIONSHIP_161` FOREIGN KEY (`CON_CODIGO`) REFERENCES `CONDOMINIO` (`CON_CODIGO`),
  CONSTRAINT `FK_RELATIONSHIP_162` FOREIGN KEY (`PEF_CODIGORESPONSAVEL`) REFERENCES `PESSOAFISICA` (`PEF_CODIGO`)
) ENGINE=InnoDB AUTO_INCREMENT=4 DEFAULT CHARSET=latin1;
/*!40101 SET character_set_client = @saved_cs_client */;

--
-- Dumping data for table `PESSOAJURIDICA_CONDOMINIO`
--

LOCK TABLES `PESSOAJURIDICA_CONDOMINIO` WRITE;
/*!40000 ALTER TABLE `PESSOAJURIDICA_CONDOMINIO` DISABLE KEYS */;
INSERT INTO `PESSOAJURIDICA_CONDOMINIO` VALUES (1,2,1,3,'2019-01-23 11:25:56',NULL,0),(3,2,2,2,'2019-01-28 00:00:00',NULL,0);
/*!40000 ALTER TABLE `PESSOAJURIDICA_CONDOMINIO` ENABLE KEYS */;
UNLOCK TABLES;

--
-- Table structure for table `PESSOAJURIDICA_PESSOAFISICA`
--

DROP TABLE IF EXISTS `PESSOAJURIDICA_PESSOAFISICA`;
/*!40101 SET @saved_cs_client     = @@character_set_client */;
/*!40101 SET character_set_client = utf8 */;
CREATE TABLE `PESSOAJURIDICA_PESSOAFISICA` (
  `PJP_CODIGO` int(11) NOT NULL AUTO_INCREMENT,
  `PEF_CODIGO` int(11) NOT NULL,
  `PEJ_CODIGO` int(11) NOT NULL,
  `PJP_DTINICIO` datetime NOT NULL,
  `PJP_DTFIM` datetime DEFAULT NULL,
  `PJP_ATIVO` int(11) NOT NULL DEFAULT '1',
  `FPJ_CODIGO` int(11) NOT NULL,
  PRIMARY KEY (`PJP_CODIGO`),
  KEY `FK_RELATIONSHIP_177` (`PEF_CODIGO`),
  KEY `FK_RELATIONSHIP_178` (`PEJ_CODIGO`),
  KEY `FK_RELATIONSHIP_186` (`FPJ_CODIGO`),
  CONSTRAINT `FK_RELATIONSHIP_177` FOREIGN KEY (`PEF_CODIGO`) REFERENCES `PESSOAFISICA` (`PEF_CODIGO`),
  CONSTRAINT `FK_RELATIONSHIP_178` FOREIGN KEY (`PEJ_CODIGO`) REFERENCES `PESSOAJURIDICA` (`PEJ_CODIGO`),
  CONSTRAINT `FK_RELATIONSHIP_186` FOREIGN KEY (`FPJ_CODIGO`) REFERENCES `FUNCAOPESSOAJURIDICA` (`FPJ_CODIGO`)
) ENGINE=InnoDB AUTO_INCREMENT=11 DEFAULT CHARSET=latin1;
/*!40101 SET character_set_client = @saved_cs_client */;

--
-- Dumping data for table `PESSOAJURIDICA_PESSOAFISICA`
--

LOCK TABLES `PESSOAJURIDICA_PESSOAFISICA` WRITE;
/*!40000 ALTER TABLE `PESSOAJURIDICA_PESSOAFISICA` DISABLE KEYS */;
INSERT INTO `PESSOAJURIDICA_PESSOAFISICA` VALUES (1,1,1,'2018-06-12 00:00:00',NULL,1,1),(2,2,2,'2018-06-12 00:00:00',NULL,1,2),(3,6,2,'2019-03-26 00:00:00',NULL,0,4),(4,7,2,'2016-02-01 00:00:00','2044-08-03 00:00:00',0,2),(5,8,2,'2019-03-26 00:00:00',NULL,0,4),(6,9,2,'2019-03-26 00:00:00',NULL,0,4),(7,10,2,'2019-03-26 00:00:00',NULL,0,4),(8,11,2,'2019-03-26 00:00:00',NULL,0,4),(9,12,2,'2019-03-26 00:00:00',NULL,0,4),(10,13,2,'2019-03-26 00:00:00',NULL,0,4);
/*!40000 ALTER TABLE `PESSOAJURIDICA_PESSOAFISICA` ENABLE KEYS */;
UNLOCK TABLES;

--
-- Table structure for table `PROFISSAO`
--

DROP TABLE IF EXISTS `PROFISSAO`;
/*!40101 SET @saved_cs_client     = @@character_set_client */;
/*!40101 SET character_set_client = utf8 */;
CREATE TABLE `PROFISSAO` (
  `PRO_CODIGO` int(11) NOT NULL AUTO_INCREMENT,
  `PRO_NOME` varchar(255) NOT NULL,
  `PRO_ATIVO` int(11) NOT NULL DEFAULT '1',
  PRIMARY KEY (`PRO_CODIGO`)
) ENGINE=InnoDB AUTO_INCREMENT=3 DEFAULT CHARSET=latin1;
/*!40101 SET character_set_client = @saved_cs_client */;

--
-- Dumping data for table `PROFISSAO`
--

LOCK TABLES `PROFISSAO` WRITE;
/*!40000 ALTER TABLE `PROFISSAO` DISABLE KEYS */;
INSERT INTO `PROFISSAO` VALUES (1,'ARTÍFICE',1),(2,'ELETRICISTA',1);
/*!40000 ALTER TABLE `PROFISSAO` ENABLE KEYS */;
UNLOCK TABLES;

--
-- Table structure for table `RACA`
--

DROP TABLE IF EXISTS `RACA`;
/*!40101 SET @saved_cs_client     = @@character_set_client */;
/*!40101 SET character_set_client = utf8 */;
CREATE TABLE `RACA` (
  `RAC_CODIGO` int(11) NOT NULL AUTO_INCREMENT,
  `RAC_NOME` varchar(100) NOT NULL,
  `RAC_ATIVO` int(11) NOT NULL DEFAULT '1',
  `TIA_CODIGO` int(11) NOT NULL,
  PRIMARY KEY (`RAC_CODIGO`),
  KEY `FK_RELATIONSHIP_20` (`TIA_CODIGO`),
  CONSTRAINT `FK_RELATIONSHIP_20` FOREIGN KEY (`TIA_CODIGO`) REFERENCES `TIPOANIMAL` (`TIA_CODIGO`)
) ENGINE=InnoDB DEFAULT CHARSET=latin1;
/*!40101 SET character_set_client = @saved_cs_client */;

--
-- Dumping data for table `RACA`
--

LOCK TABLES `RACA` WRITE;
/*!40000 ALTER TABLE `RACA` DISABLE KEYS */;
/*!40000 ALTER TABLE `RACA` ENABLE KEYS */;
UNLOCK TABLES;

--
-- Table structure for table `RECURSO`
--

DROP TABLE IF EXISTS `RECURSO`;
/*!40101 SET @saved_cs_client     = @@character_set_client */;
/*!40101 SET character_set_client = utf8 */;
CREATE TABLE `RECURSO` (
  `REC_CODIGO` int(11) NOT NULL AUTO_INCREMENT,
  `REC_NOME` varchar(150) NOT NULL,
  `REC_DESCRICAO` varchar(255) DEFAULT NULL,
  `REC_MORADOR` int(11) DEFAULT NULL,
  `REC_ATIVO` int(11) NOT NULL,
  PRIMARY KEY (`REC_CODIGO`)
) ENGINE=InnoDB AUTO_INCREMENT=12 DEFAULT CHARSET=latin1;
/*!40101 SET character_set_client = @saved_cs_client */;

--
-- Dumping data for table `RECURSO`
--

LOCK TABLES `RECURSO` WRITE;
/*!40000 ALTER TABLE `RECURSO` DISABLE KEYS */;
INSERT INTO `RECURSO` VALUES (1,'CADASTRO_PERFIL','Cadastro de perfil de sistema',NULL,1),(2,'CADASTRO_RECURSO','Cadastro de recurso no sistema',NULL,1),(3,'CADASTRO_ANIMAIS','Cadastro de animais',NULL,1),(4,'CADASTRO_MORADOR','CADASTRO_MORADOR',NULL,1),(5,'CADASTRO_INQUILINO','CADASTRO_INQUILINO',NULL,1),(6,'UTILIZAR_SISTEMA ','UTILIZAR_SISTEMA',NULL,1),(7,'CADASTRAR_VISITANTES','CADASTRAR_VISITANTES',NULL,1),(8,'RESERVAR_ESPACOS','RESERVAR_ESPACOS',NULL,1),(9,'PUBLICAR_CLASSIFICADOS','PUBLICAR_CLASSIFICADOS',NULL,1),(10,'SOLICITAR_SERVICOS','SOLICITAR_SERVICOS',NULL,1),(11,'CADASTRAR_VEICULOS','CADASTRAR_VEICULOS',NULL,1);
/*!40000 ALTER TABLE `RECURSO` ENABLE KEYS */;
UNLOCK TABLES;

--
-- Table structure for table `RECURSO_PESSOAFISICA_UNIDADE`
--

DROP TABLE IF EXISTS `RECURSO_PESSOAFISICA_UNIDADE`;
/*!40101 SET @saved_cs_client     = @@character_set_client */;
/*!40101 SET character_set_client = utf8 */;
CREATE TABLE `RECURSO_PESSOAFISICA_UNIDADE` (
  `RPU_CODIGO` int(11) NOT NULL AUTO_INCREMENT,
  `REC_CODIGO` int(11) NOT NULL,
  `PFU_CODIGO` int(11) NOT NULL,
  PRIMARY KEY (`RPU_CODIGO`),
  KEY `FK_RELATIONSHIP_110` (`REC_CODIGO`),
  KEY `FK_RELATIONSHIP_111` (`PFU_CODIGO`),
  CONSTRAINT `FK_RELATIONSHIP_110` FOREIGN KEY (`REC_CODIGO`) REFERENCES `RECURSO` (`REC_CODIGO`),
  CONSTRAINT `FK_RELATIONSHIP_111` FOREIGN KEY (`PFU_CODIGO`) REFERENCES `PESSOAFISICA_UNIDADE` (`PFU_CODIGO`)
) ENGINE=InnoDB DEFAULT CHARSET=latin1;
/*!40101 SET character_set_client = @saved_cs_client */;

--
-- Dumping data for table `RECURSO_PESSOAFISICA_UNIDADE`
--

LOCK TABLES `RECURSO_PESSOAFISICA_UNIDADE` WRITE;
/*!40000 ALTER TABLE `RECURSO_PESSOAFISICA_UNIDADE` DISABLE KEYS */;
/*!40000 ALTER TABLE `RECURSO_PESSOAFISICA_UNIDADE` ENABLE KEYS */;
UNLOCK TABLES;

--
-- Table structure for table `RECURSO_PESSOAJURIDICA_PESSOAFISICA`
--

DROP TABLE IF EXISTS `RECURSO_PESSOAJURIDICA_PESSOAFISICA`;
/*!40101 SET @saved_cs_client     = @@character_set_client */;
/*!40101 SET character_set_client = utf8 */;
CREATE TABLE `RECURSO_PESSOAJURIDICA_PESSOAFISICA` (
  `RJF_CODIGO` int(11) NOT NULL AUTO_INCREMENT,
  `REC_CODIGO` int(11) NOT NULL,
  `PJP_CODIGO` int(11) NOT NULL,
  PRIMARY KEY (`RJF_CODIGO`),
  KEY `FK_RELATIONSHIP_181` (`REC_CODIGO`),
  KEY `FK_RELATIONSHIP_180` (`PJP_CODIGO`),
  CONSTRAINT `FK_RELATIONSHIP_180` FOREIGN KEY (`PJP_CODIGO`) REFERENCES `PESSOAJURIDICA_PESSOAFISICA` (`PJP_CODIGO`),
  CONSTRAINT `FK_RELATIONSHIP_181` FOREIGN KEY (`REC_CODIGO`) REFERENCES `RECURSO` (`REC_CODIGO`)
) ENGINE=InnoDB DEFAULT CHARSET=latin1;
/*!40101 SET character_set_client = @saved_cs_client */;

--
-- Dumping data for table `RECURSO_PESSOAJURIDICA_PESSOAFISICA`
--

LOCK TABLES `RECURSO_PESSOAJURIDICA_PESSOAFISICA` WRITE;
/*!40000 ALTER TABLE `RECURSO_PESSOAJURIDICA_PESSOAFISICA` DISABLE KEYS */;
/*!40000 ALTER TABLE `RECURSO_PESSOAJURIDICA_PESSOAFISICA` ENABLE KEYS */;
UNLOCK TABLES;

--
-- Table structure for table `REGIMETRABALHO`
--

DROP TABLE IF EXISTS `REGIMETRABALHO`;
/*!40101 SET @saved_cs_client     = @@character_set_client */;
/*!40101 SET character_set_client = utf8 */;
CREATE TABLE `REGIMETRABALHO` (
  `REG_CODIGO` int(11) NOT NULL AUTO_INCREMENT,
  `REG_NOME` varchar(150) NOT NULL,
  `REG_NRHORASSEMANA` int(11) DEFAULT NULL,
  `REG_ATIVO` int(1) NOT NULL DEFAULT '1',
  PRIMARY KEY (`REG_CODIGO`)
) ENGINE=InnoDB DEFAULT CHARSET=utf8;
/*!40101 SET character_set_client = @saved_cs_client */;

--
-- Dumping data for table `REGIMETRABALHO`
--

LOCK TABLES `REGIMETRABALHO` WRITE;
/*!40000 ALTER TABLE `REGIMETRABALHO` DISABLE KEYS */;
/*!40000 ALTER TABLE `REGIMETRABALHO` ENABLE KEYS */;
UNLOCK TABLES;

--
-- Table structure for table `RESERVA`
--

DROP TABLE IF EXISTS `RESERVA`;
/*!40101 SET @saved_cs_client     = @@character_set_client */;
/*!40101 SET character_set_client = utf8 */;
CREATE TABLE `RESERVA` (
  `RES_CODIGO` int(11) NOT NULL AUTO_INCREMENT,
  `PEF_CODIGO` int(11) NOT NULL,
  `ACF_CODIGO` int(11) NOT NULL,
  `RES_DTCADASTRO` datetime NOT NULL DEFAULT CURRENT_TIMESTAMP,
  PRIMARY KEY (`RES_CODIGO`),
  KEY `FK_RELATIONSHIP_42` (`PEF_CODIGO`),
  KEY `FK_RELATIONSHIP_43` (`ACF_CODIGO`),
  CONSTRAINT `FK_RELATIONSHIP_42` FOREIGN KEY (`PEF_CODIGO`) REFERENCES `PESSOAFISICA` (`PEF_CODIGO`),
  CONSTRAINT `FK_RELATIONSHIP_43` FOREIGN KEY (`ACF_CODIGO`) REFERENCES `AREACOMUMFUNCIONAMENTO` (`ACF_CODIGO`)
) ENGINE=InnoDB DEFAULT CHARSET=latin1;
/*!40101 SET character_set_client = @saved_cs_client */;

--
-- Dumping data for table `RESERVA`
--

LOCK TABLES `RESERVA` WRITE;
/*!40000 ALTER TABLE `RESERVA` DISABLE KEYS */;
/*!40000 ALTER TABLE `RESERVA` ENABLE KEYS */;
UNLOCK TABLES;

--
-- Table structure for table `SENHAS`
--

DROP TABLE IF EXISTS `SENHAS`;
/*!40101 SET @saved_cs_client     = @@character_set_client */;
/*!40101 SET character_set_client = utf8 */;
CREATE TABLE `SENHAS` (
  `SEN_CODIGO` int(11) NOT NULL AUTO_INCREMENT,
  `PEF_CODIGO` int(11) NOT NULL,
  `SEN_SENHA` varchar(150) NOT NULL,
  PRIMARY KEY (`SEN_CODIGO`),
  KEY `FK_RELATIONSHIP_66` (`PEF_CODIGO`),
  CONSTRAINT `FK_RELATIONSHIP_66` FOREIGN KEY (`PEF_CODIGO`) REFERENCES `PESSOAFISICA` (`PEF_CODIGO`)
) ENGINE=InnoDB AUTO_INCREMENT=14 DEFAULT CHARSET=latin1;
/*!40101 SET character_set_client = @saved_cs_client */;

--
-- Dumping data for table `SENHAS`
--

LOCK TABLES `SENHAS` WRITE;
/*!40000 ALTER TABLE `SENHAS` DISABLE KEYS */;
INSERT INTO `SENHAS` VALUES (1,1,'$2a$10$5Uo2sEj8.jOxPtKK3K3nPu370AoqNCMhgPiiKOWvHsB9wDFLHeit.'),(2,2,'$2a$10$k/DN2ULvzbmZxciRcVTcp.EMz/c9k0m9bwybOhcMzCpudv8hmRwn2'),(3,3,'$2a$10$5Uo2sEj8.jOxPtKK3K3nPu370AoqNCMhgPiiKOWvHsB9wDFLHeit.'),(4,4,'$2a$10$i2yzpK5fDxfb8VN0jaQRa.vOsCSvxCr5nLsVKPJpy9jETmQne.8mG'),(5,5,'$2a$10$hnbAtIA1e03xvO9X2.Aaz.nHLjqsa9bckCTyPci70Wi02bW5nUghu'),(6,6,'$2a$10$zkvLnoaZRcs8kZMIL/sr9OqGlyAgiuCLSQYUmDuBJFztpyyThMgca'),(7,7,'$2a$10$PTmP4O3alwe9Q1uwqoaOou10xd5LaItZFbf/4UO1AMzDTeZVBMGom'),(8,8,'$2a$10$RyYGlr07T0NJxTLS1eWTOONsbz5ZdYnCWOWT6ZXumvgLfIyXNAi1K'),(9,9,'$2a$10$H36dqmXmYA3veQJJcCMQc.5vnehlX1PQdUXDmCjsgLSHVg21VDoca'),(10,10,'$2a$10$cI/ZEjCFDZjviLr5WYdUjeii0XYxDRYmLQmJoJ7FqaDnCB02mBHL.'),(11,11,'$2a$10$FOp/moLFakhMhCJLj2QIbuNBoVMRaBYI48AWe8B0ZR3FeO5g7eN7S'),(12,12,'$2a$10$qiTGmzmptTzrtIGi4VjzH.kIVOi5xHyI0NJbu66reloDEwLvSWcFK'),(13,13,'$2a$10$ycHN0TtWxtcNMygwwYZcVeV9gmKiI9MVvxA8XmfcgBkeyr64J9hKq');
/*!40000 ALTER TABLE `SENHAS` ENABLE KEYS */;
UNLOCK TABLES;

--
-- Table structure for table `SEXO`
--

DROP TABLE IF EXISTS `SEXO`;
/*!40101 SET @saved_cs_client     = @@character_set_client */;
/*!40101 SET character_set_client = utf8 */;
CREATE TABLE `SEXO` (
  `SEX_CODIGO` int(11) NOT NULL AUTO_INCREMENT,
  `SEX_NOME` varchar(20) NOT NULL,
  `SEX_SIGLA` char(1) NOT NULL,
  PRIMARY KEY (`SEX_CODIGO`)
) ENGINE=InnoDB AUTO_INCREMENT=3 DEFAULT CHARSET=latin1;
/*!40101 SET character_set_client = @saved_cs_client */;

--
-- Dumping data for table `SEXO`
--

LOCK TABLES `SEXO` WRITE;
/*!40000 ALTER TABLE `SEXO` DISABLE KEYS */;
INSERT INTO `SEXO` VALUES (1,'MASCULINO','M'),(2,'FEMININO','F');
/*!40000 ALTER TABLE `SEXO` ENABLE KEYS */;
UNLOCK TABLES;

--
-- Table structure for table `STATUSATENDIMENTO`
--

DROP TABLE IF EXISTS `STATUSATENDIMENTO`;
/*!40101 SET @saved_cs_client     = @@character_set_client */;
/*!40101 SET character_set_client = utf8 */;
CREATE TABLE `STATUSATENDIMENTO` (
  `STA_CODIGO` int(11) NOT NULL AUTO_INCREMENT,
  `STA_NOME` varchar(50) NOT NULL,
  `STA_ATIVO` int(11) NOT NULL,
  PRIMARY KEY (`STA_CODIGO`)
) ENGINE=InnoDB AUTO_INCREMENT=5 DEFAULT CHARSET=latin1;
/*!40101 SET character_set_client = @saved_cs_client */;

--
-- Dumping data for table `STATUSATENDIMENTO`
--

LOCK TABLES `STATUSATENDIMENTO` WRITE;
/*!40000 ALTER TABLE `STATUSATENDIMENTO` DISABLE KEYS */;
INSERT INTO `STATUSATENDIMENTO` VALUES (1,'ABERTO',1),(2,'EM ANDAMENTO',1),(3,'CANCELADO',1),(4,'FECHADO',1);
/*!40000 ALTER TABLE `STATUSATENDIMENTO` ENABLE KEYS */;
UNLOCK TABLES;

--
-- Table structure for table `STATUSDOCUMENTO`
--

DROP TABLE IF EXISTS `STATUSDOCUMENTO`;
/*!40101 SET @saved_cs_client     = @@character_set_client */;
/*!40101 SET character_set_client = utf8 */;
CREATE TABLE `STATUSDOCUMENTO` (
  `STD_CODIGO` int(11) NOT NULL AUTO_INCREMENT,
  `STD_NOME` varchar(150) NOT NULL,
  `STD_ATIVO` int(11) NOT NULL DEFAULT '1',
  PRIMARY KEY (`STD_CODIGO`)
) ENGINE=InnoDB AUTO_INCREMENT=6 DEFAULT CHARSET=latin1;
/*!40101 SET character_set_client = @saved_cs_client */;

--
-- Dumping data for table `STATUSDOCUMENTO`
--

LOCK TABLES `STATUSDOCUMENTO` WRITE;
/*!40000 ALTER TABLE `STATUSDOCUMENTO` DISABLE KEYS */;
INSERT INTO `STATUSDOCUMENTO` VALUES (1,'NÃO VALIDADO',1),(2,'VALIDADO',1),(3,'ARQUIVO ILEGÍVEL',1),(4,'ARQUIVO CORROMPIDO',1),(5,'ARQUIVO INCOMPATÍVEL',1);
/*!40000 ALTER TABLE `STATUSDOCUMENTO` ENABLE KEYS */;
UNLOCK TABLES;

--
-- Table structure for table `TELEFONE`
--

DROP TABLE IF EXISTS `TELEFONE`;
/*!40101 SET @saved_cs_client     = @@character_set_client */;
/*!40101 SET character_set_client = utf8 */;
CREATE TABLE `TELEFONE` (
  `TEL_CODIGO` int(11) NOT NULL AUTO_INCREMENT,
  `PEF_CODIGO` int(11) NOT NULL,
  `TEL_NR` varchar(10) NOT NULL,
  `TEL_DDD` char(3) NOT NULL,
  `TEL_ATIVO` int(11) NOT NULL DEFAULT '1',
  PRIMARY KEY (`TEL_CODIGO`),
  KEY `FK_RELATIONSHIP_55` (`PEF_CODIGO`),
  CONSTRAINT `FK_RELATIONSHIP_55` FOREIGN KEY (`PEF_CODIGO`) REFERENCES `PESSOAFISICA` (`PEF_CODIGO`)
) ENGINE=InnoDB AUTO_INCREMENT=13 DEFAULT CHARSET=latin1;
/*!40101 SET character_set_client = @saved_cs_client */;

--
-- Dumping data for table `TELEFONE`
--

LOCK TABLES `TELEFONE` WRITE;
/*!40000 ALTER TABLE `TELEFONE` DISABLE KEYS */;
INSERT INTO `TELEFONE` VALUES (1,5,'','61',1),(2,5,'99992-0935','61',1),(3,4,'99923-6740','61',1),(4,4,'','',1),(5,6,'9998-4801','61',1),(6,7,'99111-2450','61',1),(7,8,'99155-7494','61',1),(8,9,'99148-3030','61',1),(9,10,'99678-6009','61',1),(10,11,'98249-6437','61',1),(11,12,'99183-4322','61',1),(12,13,'99923-8011','61',1);
/*!40000 ALTER TABLE `TELEFONE` ENABLE KEYS */;
UNLOCK TABLES;

--
-- Table structure for table `TIPOANIMAL`
--

DROP TABLE IF EXISTS `TIPOANIMAL`;
/*!40101 SET @saved_cs_client     = @@character_set_client */;
/*!40101 SET character_set_client = utf8 */;
CREATE TABLE `TIPOANIMAL` (
  `TIA_CODIGO` int(11) NOT NULL AUTO_INCREMENT,
  `TIA_NOME` varchar(255) DEFAULT NULL,
  `TIA_ATIVO` int(11) NOT NULL DEFAULT '1',
  PRIMARY KEY (`TIA_CODIGO`)
) ENGINE=InnoDB AUTO_INCREMENT=10 DEFAULT CHARSET=latin1;
/*!40101 SET character_set_client = @saved_cs_client */;

--
-- Dumping data for table `TIPOANIMAL`
--

LOCK TABLES `TIPOANIMAL` WRITE;
/*!40000 ALTER TABLE `TIPOANIMAL` DISABLE KEYS */;
INSERT INTO `TIPOANIMAL` VALUES (1,'CACHORRO',1),(2,'GATO',1),(3,'PEIXE',1),(4,'TARTARUGA',1),(5,'PÁSSARO',1),(6,'LAGARTO',1),(7,'COBRA',1),(8,'ROEDOR',1),(9,'COELHO',1);
/*!40000 ALTER TABLE `TIPOANIMAL` ENABLE KEYS */;
UNLOCK TABLES;

--
-- Table structure for table `TIPOANUNCIO`
--

DROP TABLE IF EXISTS `TIPOANUNCIO`;
/*!40101 SET @saved_cs_client     = @@character_set_client */;
/*!40101 SET character_set_client = utf8 */;
CREATE TABLE `TIPOANUNCIO` (
  `TIN_CODIGO` int(11) NOT NULL AUTO_INCREMENT,
  `TIN_NOME` varchar(50) NOT NULL,
  `TIN_ATIVO` int(11) NOT NULL DEFAULT '1',
  PRIMARY KEY (`TIN_CODIGO`)
) ENGINE=InnoDB DEFAULT CHARSET=latin1;
/*!40101 SET character_set_client = @saved_cs_client */;

--
-- Dumping data for table `TIPOANUNCIO`
--

LOCK TABLES `TIPOANUNCIO` WRITE;
/*!40000 ALTER TABLE `TIPOANUNCIO` DISABLE KEYS */;
/*!40000 ALTER TABLE `TIPOANUNCIO` ENABLE KEYS */;
UNLOCK TABLES;

--
-- Table structure for table `TIPOATENDIMENTO`
--

DROP TABLE IF EXISTS `TIPOATENDIMENTO`;
/*!40101 SET @saved_cs_client     = @@character_set_client */;
/*!40101 SET character_set_client = utf8 */;
CREATE TABLE `TIPOATENDIMENTO` (
  `TAT_CODIGO` int(11) NOT NULL AUTO_INCREMENT,
  `TAT_NOME` varchar(150) NOT NULL,
  `TAT_SUBORDINACAO` int(11) DEFAULT NULL,
  `TAT_ATIVO` int(11) NOT NULL,
  `TAT_PRIORIDADE` int(11) DEFAULT NULL,
  PRIMARY KEY (`TAT_CODIGO`),
  KEY `FK_RELATIONSHIP_92` (`TAT_SUBORDINACAO`),
  CONSTRAINT `FK_RELATIONSHIP_92` FOREIGN KEY (`TAT_SUBORDINACAO`) REFERENCES `TIPOATENDIMENTO` (`TAT_CODIGO`)
) ENGINE=InnoDB AUTO_INCREMENT=26 DEFAULT CHARSET=latin1;
/*!40101 SET character_set_client = @saved_cs_client */;

--
-- Dumping data for table `TIPOATENDIMENTO`
--

LOCK TABLES `TIPOATENDIMENTO` WRITE;
/*!40000 ALTER TABLE `TIPOATENDIMENTO` DISABLE KEYS */;
INSERT INTO `TIPOATENDIMENTO` VALUES (1,'Emergência',NULL,1,NULL),(2,'Animal solto (cachorro, gato, coelho, etc)',1,1,NULL),(3,'Animal silvestre solto (cobras, pássaros, etc)',1,1,NULL),(4,'Financeiro',NULL,1,NULL),(5,'Cadastro',NULL,1,NULL),(6,'Serviços',NULL,1,NULL),(7,'Reservas',NULL,1,NULL),(8,'Informações',NULL,1,NULL),(9,'Reclamações',NULL,1,NULL),(10,'Sugestões',NULL,1,NULL),(11,'Cabo de energia partido',1,1,NULL),(12,'Acidentes',1,1,NULL),(13,'2a via boleto',4,1,NULL),(14,'Nada Consta',4,1,NULL),(15,'Planilha de débitos',4,1,NULL),(16,'Parcelamento de débitos',4,1,NULL),(17,'Cadastro de Animais',5,1,NULL),(18,'Cadastro de Veículo para TAG',5,1,NULL),(19,'Cadastro de Veículo para CARTÃO',5,1,NULL),(20,'Cadastro de Passageiro do Ônibus',5,1,NULL),(21,'Cadastro de Funcionários da Unidade',5,1,NULL),(22,'Cadastro de Visitantes para liberação na portaria',5,1,NULL),(23,'Cadastro de Inquilino',5,1,NULL),(24,'Cadastro de Novo Proprietário',5,1,NULL),(25,'Cadastro de Morador da Unidade',5,1,NULL);
/*!40000 ALTER TABLE `TIPOATENDIMENTO` ENABLE KEYS */;
UNLOCK TABLES;

--
-- Table structure for table `TIPOCONTASRECEBER`
--

DROP TABLE IF EXISTS `TIPOCONTASRECEBER`;
/*!40101 SET @saved_cs_client     = @@character_set_client */;
/*!40101 SET character_set_client = utf8 */;
CREATE TABLE `TIPOCONTASRECEBER` (
  `TCR_CODIGO` int(11) NOT NULL AUTO_INCREMENT,
  `TCR_NOME` varchar(150) NOT NULL,
  `TCR_ATIVO` int(11) NOT NULL,
  PRIMARY KEY (`TCR_CODIGO`)
) ENGINE=InnoDB DEFAULT CHARSET=latin1;
/*!40101 SET character_set_client = @saved_cs_client */;

--
-- Dumping data for table `TIPOCONTASRECEBER`
--

LOCK TABLES `TIPOCONTASRECEBER` WRITE;
/*!40000 ALTER TABLE `TIPOCONTASRECEBER` DISABLE KEYS */;
/*!40000 ALTER TABLE `TIPOCONTASRECEBER` ENABLE KEYS */;
UNLOCK TABLES;

--
-- Table structure for table `TIPOCONTEUDO`
--

DROP TABLE IF EXISTS `TIPOCONTEUDO`;
/*!40101 SET @saved_cs_client     = @@character_set_client */;
/*!40101 SET character_set_client = utf8 */;
CREATE TABLE `TIPOCONTEUDO` (
  `TIC_CODIGO` int(11) NOT NULL AUTO_INCREMENT,
  `TIC_NOME` varchar(150) NOT NULL,
  `TIC_ATIVO` int(11) NOT NULL DEFAULT '1',
  PRIMARY KEY (`TIC_CODIGO`)
) ENGINE=InnoDB DEFAULT CHARSET=latin1;
/*!40101 SET character_set_client = @saved_cs_client */;

--
-- Dumping data for table `TIPOCONTEUDO`
--

LOCK TABLES `TIPOCONTEUDO` WRITE;
/*!40000 ALTER TABLE `TIPOCONTEUDO` DISABLE KEYS */;
/*!40000 ALTER TABLE `TIPOCONTEUDO` ENABLE KEYS */;
UNLOCK TABLES;

--
-- Table structure for table `TIPOCORRESPONDENCIA`
--

DROP TABLE IF EXISTS `TIPOCORRESPONDENCIA`;
/*!40101 SET @saved_cs_client     = @@character_set_client */;
/*!40101 SET character_set_client = utf8 */;
CREATE TABLE `TIPOCORRESPONDENCIA` (
  `TPC_CODIGO` int(11) NOT NULL AUTO_INCREMENT,
  `TPC_NOME` varchar(150) NOT NULL,
  `TPC_ATIVO` int(11) NOT NULL DEFAULT '1',
  PRIMARY KEY (`TPC_CODIGO`)
) ENGINE=InnoDB DEFAULT CHARSET=latin1;
/*!40101 SET character_set_client = @saved_cs_client */;

--
-- Dumping data for table `TIPOCORRESPONDENCIA`
--

LOCK TABLES `TIPOCORRESPONDENCIA` WRITE;
/*!40000 ALTER TABLE `TIPOCORRESPONDENCIA` DISABLE KEYS */;
/*!40000 ALTER TABLE `TIPOCORRESPONDENCIA` ENABLE KEYS */;
UNLOCK TABLES;

--
-- Table structure for table `TIPODOCUMENTO`
--

DROP TABLE IF EXISTS `TIPODOCUMENTO`;
/*!40101 SET @saved_cs_client     = @@character_set_client */;
/*!40101 SET character_set_client = utf8 */;
CREATE TABLE `TIPODOCUMENTO` (
  `TID_CODIGO` int(11) NOT NULL AUTO_INCREMENT,
  `TID_NOME` varchar(255) NOT NULL,
  `TID_ATIVO` int(11) NOT NULL DEFAULT '1',
  PRIMARY KEY (`TID_CODIGO`)
) ENGINE=InnoDB AUTO_INCREMENT=6 DEFAULT CHARSET=latin1;
/*!40101 SET character_set_client = @saved_cs_client */;

--
-- Dumping data for table `TIPODOCUMENTO`
--

LOCK TABLES `TIPODOCUMENTO` WRITE;
/*!40000 ALTER TABLE `TIPODOCUMENTO` DISABLE KEYS */;
INSERT INTO `TIPODOCUMENTO` VALUES (1,'IDENTIDADE',1),(2,'ESCRITURA',1),(3,'CESSÃO DE DIREITOS',1),(4,'CONTRATO DE LOCAÇÃO',1),(5,'CONTRATO DE COMODATO',1);
/*!40000 ALTER TABLE `TIPODOCUMENTO` ENABLE KEYS */;
UNLOCK TABLES;

--
-- Table structure for table `TIPOENDERECOUNIDADE`
--

DROP TABLE IF EXISTS `TIPOENDERECOUNIDADE`;
/*!40101 SET @saved_cs_client     = @@character_set_client */;
/*!40101 SET character_set_client = utf8 */;
CREATE TABLE `TIPOENDERECOUNIDADE` (
  `TEU_CODIGO` int(11) NOT NULL AUTO_INCREMENT,
  `CON_CODIGO` int(11) NOT NULL,
  `TEU_DESCRICAO` varchar(255) NOT NULL,
  `TEU_ATIVO` int(11) NOT NULL DEFAULT '1',
  PRIMARY KEY (`TEU_CODIGO`),
  KEY `FK_RELATIONSHIP_77` (`CON_CODIGO`),
  CONSTRAINT `FK_RELATIONSHIP_77` FOREIGN KEY (`CON_CODIGO`) REFERENCES `CONDOMINIO` (`CON_CODIGO`)
) ENGINE=InnoDB DEFAULT CHARSET=latin1;
/*!40101 SET character_set_client = @saved_cs_client */;

--
-- Dumping data for table `TIPOENDERECOUNIDADE`
--

LOCK TABLES `TIPOENDERECOUNIDADE` WRITE;
/*!40000 ALTER TABLE `TIPOENDERECOUNIDADE` DISABLE KEYS */;
/*!40000 ALTER TABLE `TIPOENDERECOUNIDADE` ENABLE KEYS */;
UNLOCK TABLES;

--
-- Table structure for table `TIPOEQUIPAMENTO`
--

DROP TABLE IF EXISTS `TIPOEQUIPAMENTO`;
/*!40101 SET @saved_cs_client     = @@character_set_client */;
/*!40101 SET character_set_client = utf8 */;
CREATE TABLE `TIPOEQUIPAMENTO` (
  `TIE_CODIGO` int(11) NOT NULL AUTO_INCREMENT,
  `TIE_NOME` varchar(255) NOT NULL,
  PRIMARY KEY (`TIE_CODIGO`)
) ENGINE=InnoDB DEFAULT CHARSET=latin1;
/*!40101 SET character_set_client = @saved_cs_client */;

--
-- Dumping data for table `TIPOEQUIPAMENTO`
--

LOCK TABLES `TIPOEQUIPAMENTO` WRITE;
/*!40000 ALTER TABLE `TIPOEQUIPAMENTO` DISABLE KEYS */;
/*!40000 ALTER TABLE `TIPOEQUIPAMENTO` ENABLE KEYS */;
UNLOCK TABLES;

--
-- Table structure for table `TIPOFUNCIONARIO`
--

DROP TABLE IF EXISTS `TIPOFUNCIONARIO`;
/*!40101 SET @saved_cs_client     = @@character_set_client */;
/*!40101 SET character_set_client = utf8 */;
CREATE TABLE `TIPOFUNCIONARIO` (
  `TIF_CODIGO` int(11) NOT NULL AUTO_INCREMENT,
  `TIF_NOME` varchar(100) NOT NULL,
  `TIF_ATIVO` int(11) NOT NULL DEFAULT '1',
  PRIMARY KEY (`TIF_CODIGO`)
) ENGINE=InnoDB DEFAULT CHARSET=latin1;
/*!40101 SET character_set_client = @saved_cs_client */;

--
-- Dumping data for table `TIPOFUNCIONARIO`
--

LOCK TABLES `TIPOFUNCIONARIO` WRITE;
/*!40000 ALTER TABLE `TIPOFUNCIONARIO` DISABLE KEYS */;
/*!40000 ALTER TABLE `TIPOFUNCIONARIO` ENABLE KEYS */;
UNLOCK TABLES;

--
-- Table structure for table `TIPOORDEMSERVICO`
--

DROP TABLE IF EXISTS `TIPOORDEMSERVICO`;
/*!40101 SET @saved_cs_client     = @@character_set_client */;
/*!40101 SET character_set_client = utf8 */;
CREATE TABLE `TIPOORDEMSERVICO` (
  `TOS_CODIGO` int(11) NOT NULL AUTO_INCREMENT,
  `TOS_NOME` varchar(150) NOT NULL,
  `TOS_ATIVO` int(11) NOT NULL,
  `TOS_PRIORIDADE` int(11) DEFAULT '0',
  `TOS_SUBORDINACAO` int(11) DEFAULT NULL,
  PRIMARY KEY (`TOS_CODIGO`),
  KEY `FK_RELATIONSHIP_183` (`TOS_SUBORDINACAO`),
  CONSTRAINT `FK_RELATIONSHIP_183` FOREIGN KEY (`TOS_SUBORDINACAO`) REFERENCES `TIPOORDEMSERVICO` (`TOS_CODIGO`)
) ENGINE=InnoDB AUTO_INCREMENT=45 DEFAULT CHARSET=latin1;
/*!40101 SET character_set_client = @saved_cs_client */;

--
-- Dumping data for table `TIPOORDEMSERVICO`
--

LOCK TABLES `TIPOORDEMSERVICO` WRITE;
/*!40000 ALTER TABLE `TIPOORDEMSERVICO` DISABLE KEYS */;
INSERT INTO `TIPOORDEMSERVICO` VALUES (1,'Elétrica',1,0,NULL),(2,'Hidráulica',1,0,NULL),(3,'Ar Condicionado',1,0,NULL),(4,'Exaustão',1,0,NULL),(5,'Incêndio',1,0,NULL),(6,'Civil',1,0,NULL),(7,'Marcenaria',1,0,NULL),(8,'Bombas e Motores',1,0,NULL),(9,'Alarme',1,0,NULL),(10,'Iluminação',1,0,1),(11,'Quadros elétricos',1,0,1),(12,'Tomadas',1,0,1),(13,'Interruptores',1,0,1),(14,'Rabichos',1,0,2),(15,'Sifões',1,0,2),(16,'Torneiras',1,0,2),(17,'Registros',1,0,2),(18,'Ralos',1,0,2),(19,'Caixas de gordura',1,0,2),(20,'Válvulas',1,0,2),(21,'Splits',1,0,3),(22,'Fancolis',1,0,3),(23,'Selfs',1,0,3),(24,'Limpeza de dutos',1,0,3),(25,'Grelhas',1,0,3),(26,'Tubulações',1,0,3),(27,'Chillers',1,0,3),(28,'Motores (ar condicionado)',1,0,3),(29,'Limpeza de coifas',1,0,4),(30,'Dutos',1,0,4),(31,'Filtros',1,0,4),(32,'Motores',1,0,4),(33,'Correias',1,0,4),(34,'Sistema de detecção',1,0,5),(35,'SPK',1,0,5),(36,'Alvenaria',1,0,6),(37,'Reboco',1,0,6),(38,'Piso',1,0,6),(39,'Pintura',1,0,6),(40,'Teto',1,0,6),(41,'Gesso',1,0,6),(42,'Portas',1,0,7),(43,'Armários',1,0,7),(44,'Móveis',1,0,7);
/*!40000 ALTER TABLE `TIPOORDEMSERVICO` ENABLE KEYS */;
UNLOCK TABLES;

--
-- Table structure for table `TIPOPESSOAFISICACONDOMINIO`
--

DROP TABLE IF EXISTS `TIPOPESSOAFISICACONDOMINIO`;
/*!40101 SET @saved_cs_client     = @@character_set_client */;
/*!40101 SET character_set_client = utf8 */;
CREATE TABLE `TIPOPESSOAFISICACONDOMINIO` (
  `TPC_CODIGO` int(11) NOT NULL AUTO_INCREMENT,
  `TPC_NOME` varchar(45) NOT NULL,
  `TPC_ATIVO` int(11) NOT NULL DEFAULT '1',
  PRIMARY KEY (`TPC_CODIGO`)
) ENGINE=InnoDB AUTO_INCREMENT=9 DEFAULT CHARSET=latin1;
/*!40101 SET character_set_client = @saved_cs_client */;

--
-- Dumping data for table `TIPOPESSOAFISICACONDOMINIO`
--

LOCK TABLES `TIPOPESSOAFISICACONDOMINIO` WRITE;
/*!40000 ALTER TABLE `TIPOPESSOAFISICACONDOMINIO` DISABLE KEYS */;
INSERT INTO `TIPOPESSOAFISICACONDOMINIO` VALUES (1,'ADMINISTRADOR SISTEMA',1),(2,'SÍNDICO',1),(3,'SUBSÍNDICO',1),(4,'FUNCIONÁRIO',1),(5,'VISITANTE',1),(6,'MORADOR',1),(7,'MEMBRO DE CONSELHO',1),(8,'FUNCIONARIO UNIDADE',1);
/*!40000 ALTER TABLE `TIPOPESSOAFISICACONDOMINIO` ENABLE KEYS */;
UNLOCK TABLES;

--
-- Table structure for table `TIPOPESSOAFISICAUNIDADE`
--

DROP TABLE IF EXISTS `TIPOPESSOAFISICAUNIDADE`;
/*!40101 SET @saved_cs_client     = @@character_set_client */;
/*!40101 SET character_set_client = utf8 */;
CREATE TABLE `TIPOPESSOAFISICAUNIDADE` (
  `TPF_CODIGO` int(11) NOT NULL AUTO_INCREMENT,
  `TPF_NOME` varchar(150) NOT NULL,
  `TPF_ATIVO` int(11) NOT NULL DEFAULT '1',
  PRIMARY KEY (`TPF_CODIGO`)
) ENGINE=InnoDB AUTO_INCREMENT=8 DEFAULT CHARSET=latin1;
/*!40101 SET character_set_client = @saved_cs_client */;

--
-- Dumping data for table `TIPOPESSOAFISICAUNIDADE`
--

LOCK TABLES `TIPOPESSOAFISICAUNIDADE` WRITE;
/*!40000 ALTER TABLE `TIPOPESSOAFISICAUNIDADE` DISABLE KEYS */;
INSERT INTO `TIPOPESSOAFISICAUNIDADE` VALUES (1,'PROPRIETÁRIO',1),(2,'MORADOR',1),(3,'INQUILINO',1),(4,'VISITANTE',1),(5,'COMODATO',1),(6,'PROPRIETÁRIO DE PARTE',1),(7,'FUNCIONÁRIO',1);
/*!40000 ALTER TABLE `TIPOPESSOAFISICAUNIDADE` ENABLE KEYS */;
UNLOCK TABLES;

--
-- Table structure for table `TIPOUNIDADE`
--

DROP TABLE IF EXISTS `TIPOUNIDADE`;
/*!40101 SET @saved_cs_client     = @@character_set_client */;
/*!40101 SET character_set_client = utf8 */;
CREATE TABLE `TIPOUNIDADE` (
  `TPU_CODIGO` int(11) NOT NULL AUTO_INCREMENT,
  `TPU_NOME` varchar(150) NOT NULL,
  `TPU_ATIVO` int(11) NOT NULL DEFAULT '1',
  `TPU_SIGLA` varchar(20) DEFAULT NULL,
  PRIMARY KEY (`TPU_CODIGO`)
) ENGINE=InnoDB AUTO_INCREMENT=6 DEFAULT CHARSET=latin1;
/*!40101 SET character_set_client = @saved_cs_client */;

--
-- Dumping data for table `TIPOUNIDADE`
--

LOCK TABLES `TIPOUNIDADE` WRITE;
/*!40000 ALTER TABLE `TIPOUNIDADE` DISABLE KEYS */;
INSERT INTO `TIPOUNIDADE` VALUES (1,'CASA',1,'CS'),(2,'APARTAMENTO',1,'AP'),(3,'LOJA',1,'LJ'),(4,'LOTE/TERRENO',1,'LOTE'),(5,'COMERCIO',1,'COM.');
/*!40000 ALTER TABLE `TIPOUNIDADE` ENABLE KEYS */;
UNLOCK TABLES;

--
-- Table structure for table `TIPOVEICULO`
--

DROP TABLE IF EXISTS `TIPOVEICULO`;
/*!40101 SET @saved_cs_client     = @@character_set_client */;
/*!40101 SET character_set_client = utf8 */;
CREATE TABLE `TIPOVEICULO` (
  `TIV_CODIGO` int(11) NOT NULL AUTO_INCREMENT,
  `TIV_NOME` varchar(100) NOT NULL,
  `TIV_ATIVO` int(11) NOT NULL DEFAULT '1',
  PRIMARY KEY (`TIV_CODIGO`)
) ENGINE=InnoDB AUTO_INCREMENT=3 DEFAULT CHARSET=latin1;
/*!40101 SET character_set_client = @saved_cs_client */;

--
-- Dumping data for table `TIPOVEICULO`
--

LOCK TABLES `TIPOVEICULO` WRITE;
/*!40000 ALTER TABLE `TIPOVEICULO` DISABLE KEYS */;
INSERT INTO `TIPOVEICULO` VALUES (1,'CARRO',1),(2,'MOTO',1);
/*!40000 ALTER TABLE `TIPOVEICULO` ENABLE KEYS */;
UNLOCK TABLES;

--
-- Table structure for table `TURNO`
--

DROP TABLE IF EXISTS `TURNO`;
/*!40101 SET @saved_cs_client     = @@character_set_client */;
/*!40101 SET character_set_client = utf8 */;
CREATE TABLE `TURNO` (
  `TUR_CODIGO` int(11) NOT NULL AUTO_INCREMENT,
  `TUR_NOME` varchar(50) NOT NULL,
  `TUR_ATIVO` int(11) NOT NULL DEFAULT '1',
  PRIMARY KEY (`TUR_CODIGO`)
) ENGINE=InnoDB DEFAULT CHARSET=latin1;
/*!40101 SET character_set_client = @saved_cs_client */;

--
-- Dumping data for table `TURNO`
--

LOCK TABLES `TURNO` WRITE;
/*!40000 ALTER TABLE `TURNO` DISABLE KEYS */;
/*!40000 ALTER TABLE `TURNO` ENABLE KEYS */;
UNLOCK TABLES;

--
-- Table structure for table `UFE`
--

DROP TABLE IF EXISTS `UFE`;
/*!40101 SET @saved_cs_client     = @@character_set_client */;
/*!40101 SET character_set_client = utf8 */;
CREATE TABLE `UFE` (
  `UFE_CODIGO` int(11) NOT NULL AUTO_INCREMENT,
  `UFE_NOME` varchar(255) NOT NULL,
  `UFE_SIGLA` varchar(2) DEFAULT NULL,
  `UFE_ATIVO` int(11) NOT NULL,
  PRIMARY KEY (`UFE_CODIGO`)
) ENGINE=InnoDB AUTO_INCREMENT=28 DEFAULT CHARSET=latin1;
/*!40101 SET character_set_client = @saved_cs_client */;

--
-- Dumping data for table `UFE`
--

LOCK TABLES `UFE` WRITE;
/*!40000 ALTER TABLE `UFE` DISABLE KEYS */;
INSERT INTO `UFE` VALUES (1,'ACRE','AC',1),(2,'ALAGOAS','AL',1),(3,'AMAZONAS','AM',1),(4,'AMAPÁ','AP',1),(5,'BAHIA','BA',1),(6,'CEARÁ','CE',1),(7,'DISTRITO FEDERAL','DF',1),(8,'ESPÍRITO SANTO','ES',1),(9,'GOIÁS','GO',1),(10,'MARANHÃO','MA',1),(11,'MINAS GERAIS','MG',1),(12,'MATO GROSSO DO SUL','MS',1),(13,'MATO GROSSO','MT',1),(14,'PARÁ','PA',1),(15,'PARAÍBA','PB',1),(16,'PERNAMBUCO','PE',1),(17,'PIAUÍ','PI',1),(18,'PARANÁ','PR',1),(19,'RIO DE JANEIRO','RJ',1),(20,'RIO GRANDE DO NORTE','RN',1),(21,'RONDÔNIA','RO',1),(22,'RORAIMA','RR',1),(23,'RIO GRANDE DO SUL','RS',1),(24,'SANTA CATARINA','SC',1),(25,'SERGIPE','SE',1),(26,'SÃO PAULO','SP',1),(27,'TOCANTINS','TO',1);
/*!40000 ALTER TABLE `UFE` ENABLE KEYS */;
UNLOCK TABLES;

--
-- Table structure for table `UNIDADE`
--

DROP TABLE IF EXISTS `UNIDADE`;
/*!40101 SET @saved_cs_client     = @@character_set_client */;
/*!40101 SET character_set_client = utf8 */;
CREATE TABLE `UNIDADE` (
  `UNI_CODIGO` int(11) NOT NULL AUTO_INCREMENT,
  `TPU_CODIGO` int(11) NOT NULL,
  `ENU_CODIGO` int(11) NOT NULL,
  `TEU_CODIGO` int(11) DEFAULT NULL,
  `UNI_UNIDADEHABITACIONAL` varchar(100) NOT NULL,
  `CON_CODIGO` int(11) DEFAULT NULL,
  PRIMARY KEY (`UNI_CODIGO`),
  KEY `FK_RELATIONSHIP_11` (`TPU_CODIGO`),
  KEY `FK_RELATIONSHIP_61` (`ENU_CODIGO`),
  KEY `FK_RELATIONSHIP_62` (`TEU_CODIGO`),
  KEY `FK_RELATIONSHIP_139` (`CON_CODIGO`),
  CONSTRAINT `FK_RELATIONSHIP_11` FOREIGN KEY (`TPU_CODIGO`) REFERENCES `TIPOUNIDADE` (`TPU_CODIGO`),
  CONSTRAINT `FK_RELATIONSHIP_139` FOREIGN KEY (`CON_CODIGO`) REFERENCES `CONDOMINIO` (`CON_CODIGO`),
  CONSTRAINT `FK_RELATIONSHIP_61` FOREIGN KEY (`ENU_CODIGO`) REFERENCES `ENDERECOUNIDADE` (`ENU_CODIGO`),
  CONSTRAINT `FK_RELATIONSHIP_62` FOREIGN KEY (`TEU_CODIGO`) REFERENCES `TIPOENDERECOUNIDADE` (`TEU_CODIGO`)
) ENGINE=InnoDB DEFAULT CHARSET=latin1;
/*!40101 SET character_set_client = @saved_cs_client */;

--
-- Dumping data for table `UNIDADE`
--

LOCK TABLES `UNIDADE` WRITE;
/*!40000 ALTER TABLE `UNIDADE` DISABLE KEYS */;
/*!40000 ALTER TABLE `UNIDADE` ENABLE KEYS */;
UNLOCK TABLES;

--
-- Table structure for table `VAGAS`
--

DROP TABLE IF EXISTS `VAGAS`;
/*!40101 SET @saved_cs_client     = @@character_set_client */;
/*!40101 SET character_set_client = utf8 */;
CREATE TABLE `VAGAS` (
  `VAG_CODIGO` int(11) NOT NULL AUTO_INCREMENT,
  `UNI_CODIGO` int(11) DEFAULT NULL,
  `VAG_NUMERO` varchar(5) NOT NULL,
  PRIMARY KEY (`VAG_CODIGO`),
  KEY `FK_RELATIONSHIP_76` (`UNI_CODIGO`),
  CONSTRAINT `FK_RELATIONSHIP_76` FOREIGN KEY (`UNI_CODIGO`) REFERENCES `UNIDADE` (`UNI_CODIGO`)
) ENGINE=InnoDB DEFAULT CHARSET=latin1;
/*!40101 SET character_set_client = @saved_cs_client */;

--
-- Dumping data for table `VAGAS`
--

LOCK TABLES `VAGAS` WRITE;
/*!40000 ALTER TABLE `VAGAS` DISABLE KEYS */;
/*!40000 ALTER TABLE `VAGAS` ENABLE KEYS */;
UNLOCK TABLES;

--
-- Table structure for table `VEICULO`
--

DROP TABLE IF EXISTS `VEICULO`;
/*!40101 SET @saved_cs_client     = @@character_set_client */;
/*!40101 SET character_set_client = utf8 */;
CREATE TABLE `VEICULO` (
  `VEI_CODIGO` int(11) NOT NULL AUTO_INCREMENT,
  `MOD_CODIGO` int(11) NOT NULL,
  `PEF_CODIGOCADASTRANTE` int(11) DEFAULT NULL,
  `CRR_CODIGO` int(11) DEFAULT NULL,
  `VEI_PLACA` char(8) NOT NULL,
  `VEI_ANO` int(11) DEFAULT NULL,
  `VEI_ANOMODELO` int(11) DEFAULT NULL,
  `VEI_DTCADASTRO` datetime NOT NULL DEFAULT CURRENT_TIMESTAMP,
  `PES_CODIGOUFPLACA` int(11) DEFAULT NULL,
  PRIMARY KEY (`VEI_CODIGO`),
  KEY `FK_RELATIONSHIP_18` (`MOD_CODIGO`),
  KEY `FK_RELATIONSHIP_113` (`PEF_CODIGOCADASTRANTE`),
  KEY `FK_RELATIONSHIP_114` (`CRR_CODIGO`),
  KEY `FK_RELATIONSHIP_142` (`PES_CODIGOUFPLACA`),
  CONSTRAINT `FK_RELATIONSHIP_113` FOREIGN KEY (`PEF_CODIGOCADASTRANTE`) REFERENCES `PESSOAFISICA` (`PEF_CODIGO`),
  CONSTRAINT `FK_RELATIONSHIP_114` FOREIGN KEY (`CRR_CODIGO`) REFERENCES `COR` (`CRR_CODIGO`),
  CONSTRAINT `FK_RELATIONSHIP_142` FOREIGN KEY (`PES_CODIGOUFPLACA`) REFERENCES `UFE` (`UFE_CODIGO`) ON DELETE NO ACTION ON UPDATE NO ACTION,
  CONSTRAINT `FK_RELATIONSHIP_18` FOREIGN KEY (`MOD_CODIGO`) REFERENCES `MODELO` (`MOD_CODIGO`)
) ENGINE=InnoDB DEFAULT CHARSET=latin1;
/*!40101 SET character_set_client = @saved_cs_client */;

--
-- Dumping data for table `VEICULO`
--

LOCK TABLES `VEICULO` WRITE;
/*!40000 ALTER TABLE `VEICULO` DISABLE KEYS */;
/*!40000 ALTER TABLE `VEICULO` ENABLE KEYS */;
UNLOCK TABLES;
/*!40103 SET TIME_ZONE=@OLD_TIME_ZONE */;

/*!40101 SET SQL_MODE=@OLD_SQL_MODE */;
/*!40014 SET FOREIGN_KEY_CHECKS=@OLD_FOREIGN_KEY_CHECKS */;
/*!40014 SET UNIQUE_CHECKS=@OLD_UNIQUE_CHECKS */;
/*!40101 SET CHARACTER_SET_CLIENT=@OLD_CHARACTER_SET_CLIENT */;
/*!40101 SET CHARACTER_SET_RESULTS=@OLD_CHARACTER_SET_RESULTS */;
/*!40101 SET COLLATION_CONNECTION=@OLD_COLLATION_CONNECTION */;
/*!40111 SET SQL_NOTES=@OLD_SQL_NOTES */;

-- Dump completed on 2019-05-07 10:28:38
